IBOrderID,qty,pnl,basis,netcash,date
612015675,-9,0.0,-103.938191,103.938191,2025-06-27;150327
612015721,-29,0.0,-96.746871,96.746871,2025-06-27;150330
612015828,-7,0.0,-95.563293,95.563293,2025-06-27;150334
612015866,-60,0.0,-104.58794,104.58794,2025-06-27;150338
612197787,-4,0.0,-89.997996,89.997996,2025-06-30;100004
612200157,-14,0.0,-91.986286,91.986286,2025-06-30;100008
612200965,-51,0.0,-101.499749,101.499749,2025-06-30;100026
612947220,-47,0.0,-107.561164,107.561164,2025-07-01;140046
612947259,-3,-1.250669,-821.710105,820.459436,2025-07-01;140054
612971074,-7,0.0,-80.317384,80.317384,2025-07-01;145156
613088672,-1,6.849777,-201.190035,208.039812,2025-07-02;093009
613449057,-900,35.7993,-1309.5315,1345.3308,2025-07-02;140034
613449493,-607,30.564639,-3911.7862450000002,3942.3508839999995,2025-07-02;140043
613449494,-54,250.167958,-3681.64189,3931.809848,2025-07-02;140039
613449679,-4,57.229108,-4209.45014,4266.679248,2025-07-02;140021
613449681,-3,42.619331,-3156.900105,3199.519436,2025-07-02;140025
613490634,-91,133.659707,-1155.703185,1289.362892,2025-07-02;153814
614277619,-2851,-277.69921,-4262.307722,3984.6085120000002,2025-07-07;140058
614277649,-82,-88.11722,-3932.081804,3843.964584,2025-07-07;140054
614277764,-1059,306.88761,-4474.298298,4781.1859079999995,2025-07-07;140105
614277817,-7,67.64853,-3574.290154,3641.938684,2025-07-07;140111
614277863,-2634,-132.25314,-5649.987948,5517.734807999999,2025-07-07;140121
614336101,-161,-23.18381,-3671.8035419999997,3648.619732,2025-07-07;154011
614892632,-10,21.69777,-4979.90035,5001.59812,2025-07-09;093000
615189773,-95,225.98005,-5476.80209,5702.78214,2025-07-09;140107
615189803,-302,-335.28342,-5739.516644,5404.233224,2025-07-09;140104
615712314,-234,187.15086000000002,-5785.655148,5972.8060080000005,2025-07-10;140018
615712707,-1663,-42.75923,-5995.671586,5952.912356,2025-07-10;140008
615712725,-450,262.9055,-4880.259899999999,5143.1654,2025-07-10;140013
615713296,-5,-21.95105,-5251.00011,5229.04906,2025-07-10;140022
616030197,-103,-92.66213,-6320.052266,6227.390136,2025-07-11;140036
616030364,-5,93.148925,-5191.000135,5284.14906,2025-07-11;140040
616441484,-29,-222.98609,-6903.000638,6680.014548,2025-07-14;140053
616441488,-4,-64.40084,-4171.440088,4107.039248,2025-07-14;140058
616746785,-1159,22.93661,-5314.040498,5336.977108,2025-07-15;140101
616747110,-5,-318.15105,-5270.25011,4952.09906,2025-07-15;140223
617220531,-2346,210.64684,-7472.0621120000005,7682.708952000001,2025-07-16;140044
617622015,-589,-6.0136899999999995,-5551.337958,5545.324268,2025-07-17;140019
617622140,-600,22.874,-2289.0132,2311.8872,2025-07-17;140010
617622208,-2220,310.333799,-6981.94884,7292.282639999999,2025-07-17;140014
618033163,-223,1120.64317,-6213.899906,7334.543076,2025-07-18;140007
618033415,-343,113.11797,-4978.652546,5091.7705160000005,2025-07-18;140003
618395405,-160,-72.4336,-5039.40352,4966.96992,2025-07-21;155838
618395408,-191,-44.79011,-5972.3942019999995,5927.604092,2025-07-21;155847
618395410,-171,-28.34591,-5335.153762,5306.807852,2025-07-21;155851
618396374,-159,88.44661,-5030.323498,5118.770108,2025-07-21;155946
618706166,-18,-40.16378,-5098.600396,5058.436616,2025-07-22;140119
618706530,-2109,551.896065,-6773.392443000001,7325.288508000001,2025-07-22;140109
618706693,-5,-300.15105,-5024.15011,4723.99906,2025-07-22;140114
618707398,-792,-48.68632,-5151.977424000001,5103.291104,2025-07-22;140100
618731983,-285,91.14015,-5547.5312699999995,5638.67142,2025-07-22;141751
619179376,-1566,272.21114,-5451.224452,5723.435592,2025-07-23;140106
619179881,-5,-315.50105,-4991.55011,4676.04906,2025-07-23;140058
619182021,-3592,756.48568,-6193.359024,6949.844704000001,2025-07-23;140110
619183819,-182,403.82178,-5027.8440040000005,5431.665784000001,2025-07-23;140443
619207838,-700,-56.147000000000006,-2425.5154,2369.3684,2025-07-23;145659
619688718,-2210,380.3359,-6282.39862,6662.73452,2025-07-24;140056
620429142,-95,23.63005,-4751.95209,4775.58214,2025-07-28;140314
620429146,-190,-150.2399,-7010.10418,6859.864280000001,2025-07-28;140318
620862185,-108,-242.86268,-7410.882376,7168.019696,2025-07-29;140004
621205543,-1597,-766.89537,-5837.0701340000005,5070.174764,2025-07-30;121232
621261759,-307,-274.36447,-5738.301754,5463.937284,2025-07-30;140038
621262011,-5,-4.60105,-4962.65011,4958.04906,2025-07-30;140043
621735676,-630,-287.93330000000003,-7733.264359999999,7445.3310599999995,2025-07-31;140028
621735944,-5,-80.05105,-4895.90011,4815.84906,2025-07-31;140038
621736020,-9,69.00811,-5035.960198,5104.968308,2025-07-31;140025
621736021,-265,-87.50565,-4951.53083,4864.02518,2025-07-31;140033
621736026,-183,-185.03843,-5997.914026,5812.875596,2025-07-31;140043
622176433,-214,-154.12494,-6752.774708,6598.649768,2025-08-01;140038
622176486,-279,-295.79859,-6407.241138,6111.442548,2025-08-01;140041
622176489,-298,11.857420000000001,-7686.916556,7698.7739759999995,2025-08-01;140046
622176587,-185,-131.53885,-5119.95407,4988.415220000001,2025-08-01;140051
622176671,-173,-240.77633,-5106.233806,4865.457476,2025-08-01;140106
622176696,-100,-6.771,-89.8922,83.1212,2025-08-01;140054
622195732,-5,-267.50105,-4925.60011,4658.09906,2025-08-01;142914
622555785,-255,-98.65355,-4832.68061,4734.02706,2025-08-04;140038
622555835,-212,-14.88502,-6579.424664,6564.539644,2025-08-04;140043
622555840,-2125,-240.07625000000002,-7012.0517500000005,6771.9755,2025-08-04;140047
622555846,-6,-211.94126,-5867.980132,5656.038872,2025-08-04;140052
622555884,-170,-44.9357,-5344.1037400000005,5299.1680400000005,2025-08-04;140105
622555983,-64,-161.37344,-5691.881408,5530.507968,2025-08-04;140056
622555986,-3,-418.67063,-6061.540066,5642.869436,2025-08-04;140100
622952002,-355,111.52545,-6544.43281,6655.958259999999,2025-08-05;140028
622952055,-1950,467.5905,-5118.7929,5586.3834,2025-08-05;140032
622952131,-258,75.76581999999999,-4697.475676,4773.241496,2025-08-05;140055
622952247,-35,163.19265,-7882.65077,8045.84342,2025-08-05;140101
622952361,-25,-124.50525,-6735.75055,6611.2453,2025-08-05;140038
622952370,-1775,-284.372751,-6185.914049999999,5901.541300000001,2025-08-05;140050
622952419,-5081,303.79299000000003,-5614.616782,5918.409772,2025-08-05;140046
622952462,-245,315.99855,-7138.08039,7454.07894,2025-08-05;140041
622952476,-247,56.75813,-5462.410434,5519.168564,2025-08-05;140105
623374410,-1764,-375.31094,-6006.458807999999,5631.147868,2025-08-06;140031
623374467,-350,52.426500000000004,-5220.2577,5272.6842,2025-08-06;140017
623374479,-56,36.06824,-4787.321232,4823.389472,2025-08-06;140023
623374480,-221,-161.69641000000001,-5230.289862,5068.593452,2025-08-06;140026
623374662,-129,130.84291,-7450.752838,7581.595748,2025-08-06;140014
623374782,-155,161.267175,-6708.853685,6870.12086,2025-08-06;140041
623374789,-2266,-121.50586000000001,-7043.709852,6922.203992,2025-08-06;140044
623375139,-21,-121.49441,-5609.470462,5487.976052,2025-08-06;140049
623375390,-2351,-242.59371000000002,-7770.106722,7527.513011999999,2025-08-06;140053
623375399,-203,12.13737,-5780.429466,5792.566836,2025-08-06;140103
623375498,-61,-27.02281,-7360.041342,7333.018532,2025-08-06;140058
623375509,-148,-63.23108,-5320.643256,5257.412176,2025-08-06;140108
623441419,-100,21.979,-304.0022,325.9812,2025-08-06;155951
623442607,-183,29.07157,-7330.154026,7359.225596,2025-08-06;160000
623683423,-584,322.75694,-4860.1332680000005,5182.890208,2025-08-07;140025
623683453,-109,-66.33289,-5236.272398,5169.939508,2025-08-07;140035
623683456,-248,34.66792,-4681.005456,4715.673376,2025-08-07;140039
623683490,-373,-357.15833000000003,-8191.953206,7834.794876,2025-08-07;140029
623683627,-2100,-168.4415,-5596.546700000001,5428.1052,2025-08-07;140043
623683638,-60,23.1874,-7054.60132,7077.78872,2025-08-07;140049
623683849,-577,-52.051170000000006,-4982.4076939999995,4930.356524,2025-08-07;140057
623683915,-6,-353.72126,-5661.400132,5307.678872,2025-08-07;140107
623683931,-552,5.40408,-4799.652144,4805.056224,2025-08-07;140054
623684024,-188,-18.95948,-5680.484136,5661.524656,2025-08-07;140111
623695393,-210,188.95589999999999,-6395.55462,6584.510520000001,2025-08-07;142500
623983054,-3902,-781.21942,-4975.135844,4193.916424,2025-08-08;140051
623983186,-1421,0.70159,-5505.4062619999995,5506.107852,2025-08-08;140047
623983229,-59,-97.59239,-5464.991298,5367.398908,2025-08-08;140109
623983388,-154,5.66766,-6348.883388,6354.551048,2025-08-08;140041
623983401,-11445,-340.89995,-7380.45679,7039.55684,2025-08-08;140055
623983488,-1638,-327.94448,-5495.526036,5167.581556,2025-08-08;140100
623983654,-5,-484.65105,-4801.00011,4316.34906,2025-08-08;140105
624299697,-123,-313.21583,-6820.122706,6506.906876,2025-08-11;140101
624299774,-1076,-64.78596,-6256.963672,6192.177712,2025-08-11;140056
624299879,-18,26.25622,-6786.460396,6812.716616,2025-08-11;140106
624299929,-44,-64.92924,-6888.760968,6823.831728,2025-08-11;140111
624300110,-82,93.92278,-5176.021804,5269.944584,2025-08-11;140121
624300180,-427,-102.56967,-4998.0443940000005,4895.474724,2025-08-11;140126
624300183,-159,-92.66338999999999,-5141.473498,5048.810108,2025-08-11;140129
624308428,-611,-42.89831,-5294.328442,5251.4301319999995,2025-08-11;141943
624605215,-275,170.44187499999998,-8174.38105,8344.822925,2025-08-12;140044
624605222,-270,167.3433,-8025.755939999999,8193.09924,2025-08-12;140048
624605569,-1629,455.77791,-5123.240838000001,5579.0187479999995,2025-08-12;140034
624605583,-174,-83.81654,-6964.483828,6880.667288,2025-08-12;140038
624605700,-174,225.90346,-5539.423828,5765.327288,2025-08-12;140053
624605709,-56,-115.69176,-5874.281232,5758.589472,2025-08-12;140104
624605764,-330,191.9307,-4951.05726,5142.9879599999995,2025-08-12;140058
624605779,-2458,-639.59618,-7533.824076,6894.227895999999,2025-08-12;140107
625020360,-368,360.56272,-4804.248096,5164.810816,2025-08-13;140044
625020549,-2479,520.06683,-6953.649538,7473.716367999999,2025-08-13;140038
625020711,-9,64.33811,-5829.660198,5893.998308,2025-08-13;140030
625020794,-475,374.89975,-5797.38595,6172.285699999999,2025-08-13;140035
625020855,-1491,745.1868900000001,-4763.777803,5508.964692,2025-08-13;140048
625020941,-1177,-59.09767,-7326.851393999999,7267.753724,2025-08-13;140052
625021025,-284,241.50036,-5332.106248,5573.606608,2025-08-13;140107
625023159,-5,34.19895,-4311.55011,4345.74906,2025-08-13;140411
625027367,-3,107.82937,-5570.110066,5677.939436,2025-08-13;140846
625027368,-3,0.0,-5677.939436,5677.939436,2025-08-13;140846
625451258,-30,186.6937,-4786.30066,4972.99436,2025-08-14;140027
625451309,-965,144.54735,-7493.246230000001,7637.79358,2025-08-14;140022
625451628,-3280,163.3107,-4903.672659999999,5066.98336,2025-08-14;140031
625451689,-694,-152.82574,-5257.065268,5104.239528,2025-08-14;140056
625451730,-202,1.97758,-8218.374444,8220.352024,2025-08-14;140037
625451738,-136,0.69144,-5533.482992,5534.174432,2025-08-14;140041
625451741,-229,357.19176500000003,-5826.910183,6184.1019479999995,2025-08-14;140046
625451839,-904,589.40966,-6477.179888000001,7066.589548,2025-08-14;140050
625452079,-55,44.18845,-5051.10121,5095.28966,2025-08-14;140106
625452372,-5,262.54895,-4320.95011,4583.49906,2025-08-14;140101
625452444,-330,92.3307,-5928.45726,6020.78796,2025-08-14;140116
625464097,-219,-64.55599000000001,-4810.3398179999995,4745.7838280000005,2025-08-14;142144
625818320,-1115,-0.23414999999999994,-5457.94953,5457.71538,2025-08-15;140018
625818398,-9,498.15811,-5832.340198,6330.498308,2025-08-15;140024
625818465,-582,-86.60222,-5013.942804,4927.340584,2025-08-15;140042
625818659,-592,-302.04431999999997,-5591.453024,5289.408704,2025-08-15;140029
625818671,-591,-295.62434,-5576.098232,5280.473892,2025-08-15;140033
625818694,-4386,440.53894099999997,-7916.966491,8357.505432,2025-08-15;140037
625818732,-1238,185.44002,-4822.037236,5007.477256,2025-08-15;140101
625818925,-3389,-305.72169,-4795.509558,4489.787867999999,2025-08-15;140048
625818959,-185,-42.73885,-6387.20407,6344.46522,2025-08-15;140116
625818995,-97,43.56963,-4975.162134,5018.731764,2025-08-15;140052
625819000,-109,49.20710999999999,-5590.522398,5639.729508,2025-08-15;140056
625819036,-66,-168.99386,-6423.461452,6254.467592,2025-08-15;140129
625819102,-5,221.24895,-4283.05011,4504.29906,2025-08-15;140111
625819131,-347,-93.76287,-5574.562634,5480.799764,2025-08-15;140125
625819208,-1300,-198.27300000000002,-4582.5286,4384.2556,2025-08-15;140120
625819280,-484,-121.10213999999999,-5031.191148,4910.089008,2025-08-15;140106
626258532,-6328,647.0439200000001,-5218.122416,5865.166336,2025-08-18;140056
626258558,-9,13.74811,-6285.250198,6298.998308,2025-08-18;140039
626258563,-249,7.94771,-5304.420478,5312.368188,2025-08-18;140047
626258712,-2104,-348.12184,-6827.526288,6479.404448,2025-08-18;140110
626258939,-653,176.17187,-6801.0103659999995,6977.182236,2025-08-18;140101
626259031,-763,541.56977,-5596.621786,6138.191556,2025-08-18;140106
626259164,-69,-2.01449,-4997.291518,4995.277028,2025-08-18;140116
626261706,-193,53.929469999999995,-5598.004246,5651.933716,2025-08-18;140652
626676232,-186,37.020939999999996,-5594.024092,5631.045032,2025-08-19;140034
626676675,-58,-99.45218,-7165.161276,7065.709096,2025-08-19;140053
626676768,-333,419.51007000000004,-7191.142326,7610.652396,2025-08-19;140111
626676807,-5124,-330.37444,-4790.872728,4460.498288,2025-08-19;140057
626676812,-909,-322.34089,-7362.374997999999,7040.034108,2025-08-19;140101
626677088,-434,121.42886,-4810.899547999999,4932.328407999999,2025-08-19;140131
626677385,-63,60.35677,-5946.311386,6006.668156,2025-08-19;140121
626677446,-232,-13.968720000000001,-6040.125104,6026.156384,2025-08-19;140107
626682896,-105,-95.82205,-5356.35231,5260.53026,2025-08-19;140750
626697629,-356,-351.41026,-5742.963331999999,5391.553072,2025-08-19;144208
626697848,-288,-423.66048,-5920.086336,5496.425856,2025-08-19;144221
626699789,-5,-48.40105,-4502.10011,4453.69906,2025-08-19;144926
627079838,-1989,79.14180999999999,-7607.969258,7687.111068,2025-08-20;140037
627079960,-263,-92.73572999999999,-5951.011286,5858.2755560000005,2025-08-20;140018
627080128,-202,398.01758,-7765.774444,8163.792024,2025-08-20;140023
627080132,-62,135.00698,-5705.621364,5840.628344,2025-08-20;140027
627080311,-5,48.29895,-4440.15011,4488.44906,2025-08-20;140032
627462879,-1536,-184.64256,-6120.993791999999,5936.351232,2025-08-21;140019
627463011,-800,151.832,-5436.0176,5587.8496,2025-08-21;140014
627463231,-5,-128.55105,-4495.55011,4366.99906,2025-08-21;140038
627463269,-3618,-217.84078,-5589.890596,5372.049816,2025-08-21;140029
627463348,-2009,59.84811,-6358.529197999999,6418.377308,2025-08-21;140034
627463356,-119,7.44501,-4820.552618,4827.997628,2025-08-21;140042
627511458,-100,-10.521,-717.5022,706.9812,2025-08-21;160000
627512107,-11000,572.84,-6190.092,6762.932,2025-08-21;160000
627731615,-3200,234.328001,-3856.070399,4090.3984,2025-08-22;140053
627731618,-1788,-10.375480000000001,-5079.019336,5068.643856,2025-08-22;140059
627731619,-325,-0.06825000000000002,-5367.3821499999995,5367.3139,2025-08-22;140103
627731675,-2226,-0.46746,-5197.7589720000005,5197.291512,2025-08-22;140112
627731786,-800,-147.168,-5743.0176,5595.8496,2025-08-22;140049
627731900,-650,148.3635,-6730.764299999999,6879.1278,2025-08-22;140122
627731939,-561,476.73219,-6140.1573419999995,6616.889532,2025-08-22;140118
627731966,-487,238.52773,-7614.255714,7852.783444,2025-08-22;140126
627732029,-5,11.815617,-4531.133443,4542.94906,2025-08-22;140131
627738772,-16884,-131.635765,-5805.923478,5674.287712599999,2025-08-22;142632
628414998,-201,345.67779,-5976.739422000001,6322.417212,2025-08-26;140029
628415104,-2796,1089.85284,-5634.001512,6723.854352,2025-08-26;140019
628415108,-733,161.10607,-6109.571126,6270.677196,2025-08-26;140025
628415368,-207,335.29653,-8144.419554,8479.716084,2025-08-26;140034
628415378,-157,143.97703,-5706.383454,5850.360484000001,2025-08-26;140043
628415385,-297,308.81763,-6921.591534,7230.409164,2025-08-26;140057
628415505,-158,42.20682,-5240.283476,5282.490296,2025-08-26;140049
628415579,-17,-65.58357,-5348.690374,5283.106804,2025-08-26;140111
628415640,-200,503.958,-4187.0044,4690.9624,2025-08-26;140053
628415654,-500,34.895,-1452.511,1487.406,2025-08-26;140102
628415663,-24,-68.00504,-5674.840528,5606.835488,2025-08-26;140108
628415736,-100,60.979,-675.0022,735.9812,2025-08-26;140132
628415801,-4164,707.00506,-6516.752108000001,7223.757168,2025-08-26;140116
628415848,-1206,-24.37326,-5999.876531999999,5975.503272,2025-08-26;140121
628416021,-300,147.937,-4615.5066,4763.4436,2025-08-26;140130
628416043,-1,-16.956877,-906.226689,889.269812,2025-08-26;140136
629159497,-502,-50.11542,-6588.571044,6538.455624,2025-08-28;140047
629159508,-700,-27.147,-759.5154,732.3684000000001,2025-08-28;140052
629159520,-5323,-415.82783,-6083.822106,5667.994275999999,2025-08-28;140101
629159532,-883,-185.61543,-8030.904426,7845.288996,2025-08-28;140106
629159542,-165,-25.734650000000002,-5378.35363,5352.61898,2025-08-28;140121
629159765,-213,-36.25523,-4938.409686,4902.154456,2025-08-28;140056
629159799,-100,-5.021,-439.0022,433.9812,2025-08-28;140131
629159870,-756,-48.078759999999996,-6424.7966320000005,6376.717872,2025-08-28;140125
629160147,-5,107.89895,-4480.15011,4588.04906,2025-08-28;140139
629160685,-99,177.16921,-5066.832178,5244.001388,2025-08-28;140324
629178255,-1400,-53.294,-1519.0308,1465.7368000000001,2025-08-28;144122
629551795,-73,11.12467,-6376.091606,6387.216276,2025-08-29;140013
629552092,-6,147.45874,-5477.020132,5624.478872,2025-08-29;140023
629552229,-794,-39.86674,-5966.927468,5927.060728,2025-08-29;140018
629564203,-5700,311.15626,-1606.39214,1917.5484000000001,2025-08-29;143116
629997485,-251,3.45729,-5795.850522,5799.307812,2025-09-02;140030
629997555,-2188,-350.53948,-7472.068136,7121.5286559999995,2025-09-02;140035
629997925,-50,47.9895,-4847.5011,4895.4906,2025-09-02;140051
629997986,-133,-112.41793,-5013.772926,4901.354996,2025-09-02;140045
629998056,-7691,4689.89489,-6652.884202,11342.779092,2025-09-02;140054
629998303,-200,9.958,-435.0044,444.9624,2025-09-02;140105
629998361,-116,-34.50436,-6149.002552,6114.498192,2025-09-02;140100
629998376,-168,-55.79528,-5471.083696,5415.288416,2025-09-02;140113
629998567,-275,-52.30775,-4731.38105,4679.0733,2025-09-02;140109
630001427,-207,-52.72347,-6146.799554,6094.076084,2025-09-02;140806
631201165,-40,-499.2084,-6995.80088,6496.59248,2025-09-08;140001
631201317,-17,-33.45357,-4590.660374,4557.206804,2025-09-08;140011
631201379,-179,-18.14759,-6192.613938,6174.466348,2025-09-08;140006
631201814,-113,-711.7937300000001,-4921.022486,4209.2287559999995,2025-09-08;140014
631201895,-82,21.861681,-5626.102903,5647.964584,2025-09-08;140020
631991041,-54,-173.73134,-4853.441188,4679.709848,2025-09-10;140040
631991043,-243,8.23897,-5990.170346,5998.409316,2025-09-10;140044
631991125,-5,111.59895,-4530.75011,4642.34906,2025-09-10;140036
631991177,-4503,179.17436999999998,-4975.914066,5155.088436,2025-09-10;140058
631991199,-2807,-169.00947,-6049.146753999999,5880.137284,2025-09-10;140021
631991259,-1265,-392.41565,-5496.45283,5104.037179999999,2025-09-10;140030
631991339,-67,8.70593,-4837.061474,4845.767404,2025-09-10;140053
631991349,-301,-2.08321,-5121.521621999999,5119.4384119999995,2025-09-10;140107
631991390,-84,-85.17764,-6112.001848,6026.824208,2025-09-10;140049
631991457,-9,-10.460791,-617.499099,607.038308,2025-09-10;140102
631991529,-259,-6.824389999999999,-6400.190698,6393.366308000001,2025-09-10;140114
631991589,-6,134.31874,-5436.700132,5571.018872,2025-09-10;140117
631991676,-2232,1070.89078,-4854.649104,5925.539884,2025-09-10;140121
631991756,-228,107.11212,-5625.905016,5733.017136,2025-09-10;140125
631991796,-236,-104.24956,-5202.625192,5098.375632,2025-09-10;140135
631992283,-17711,1499.069778,-7641.939454,9141.009232,2025-09-10;140319
631994074,-612,12.11148,-5272.393464,5284.504943999999,2025-09-10;140726
632382553,-207,275.26653,-7651.759554,7927.026084,2025-09-11;140044
632382746,-5,86.94895,-4590.05011,4676.99906,2025-09-11;140035
632382754,-220,-183.8462,-7256.50484,7072.658640000001,2025-09-11;140039
632382841,-640,76.6656,-5520.01408,5596.67968,2025-09-11;140048
632607252,-724,607.24796,-2767.555928,3374.803888,2025-09-12;114743
632654280,-848,-42.098079999999996,-4811.938656,4769.840576,2025-09-12;140035
632654377,-6,38.07874,-5576.380132,5614.458872,2025-09-12;140052
632654420,-1510,-30.5171,-5760.68322,5730.16612,2025-09-12;140039
632654421,-161,30.16619,-4948.533542,4978.699732,2025-09-12;140043
632812250,-1061,-21.44281,-3273.208342,3251.765532,2025-09-15;095223
632959478,-299,-218.33279,-4991.811578,4773.478788,2025-09-15;140031
632959669,-6,-110.60126,-5629.600132,5518.998872,2025-09-15;140034
632959878,-314,-169.62594,-6177.956908,6008.330968,2025-09-15;140017
632959908,-69,-88.264835,-6872.021863,6783.757028,2025-09-15;140020
632959934,-149,-180.83129,-5435.033278,5254.201988,2025-09-15;140026
633244602,-107,-14.86247,-5155.192354,5140.329884,2025-09-16;140050
633244665,-411,-201.47631,-6142.404042,5940.927732,2025-09-16;140056
633244804,-196,-80.44116,-5694.804312,5614.363152,2025-09-16;140110
633245051,-202,-40.44242,-6596.314444,6555.872024,2025-09-16;140100
633245161,-6,-7.28126,-5641.600132,5634.318872,2025-09-16;140115
633515125,-243,-77.81103,-4747.010346,4669.199316,2025-09-17;140030
633516050,-311,-16.43531,-5779.941842,5763.506532,2025-09-17;140040
633542916,-5100,-154.061,-3391.6122,3237.5512,2025-09-17;142616
633905858,-15,801.09685,-6275.05033,7076.14718,2025-09-18;140045
633906056,-854,683.020661,-5282.008788,5965.029448,2025-09-18;140041
633906311,-5,-118.15105,-4684.10011,4565.94906,2025-09-18;140100
633906354,-272,179.46288,-6597.365984,6776.828864,2025-09-18;140055
633907069,-1584,-110.372641,-6739.954849,6629.582208,2025-09-18;140214
634244410,-391,-0.08211,-5257.003602,5256.9214919999995,2025-09-19;140043
634245332,-311,-24.94531,-5114.401842,5089.456532,2025-09-19;140048
634245371,-119,115.78501,-4899.042618,5014.827628,2025-09-19;140103
634245411,-902,-0.18942,-4965.529844,4965.340424,2025-09-19;140104
634245419,-5,-301.65105,-4650.65011,4348.99906,2025-09-19;140108
634245976,-2920,948.464,-7983.98704,8932.45104,2025-09-19;140038
634252575,-2176,754.3228,-5315.801952,6623.590912,2025-09-19;140434
634622252,-770,169.23829999999998,-4908.76694,5078.00524,2025-09-22;140021
634622451,-161,-34.23381,-5191.643542,5157.409732,2025-09-22;140036
634622751,-425,85.91075,-4787.634349999999,4873.545099999999,2025-09-22;140026
634622791,-210,48.2559,-6630.75462,6679.01052,2025-09-22;140041
634622793,-214,29.05506,-6777.174708,6806.229768,2025-09-22;140046
634622802,-209,8.31611,-6640.979598,6649.295708,2025-09-22;140054
634622806,-204,-10.24284,-6500.464488,6490.221648,2025-09-22;140103
634622807,-158,1.126821,-5025.403476,5026.530296,2025-09-22;140059
634622816,-179,-93.32759,-5788.073938,5694.746348,2025-09-22;140108
634622938,-6,-260.00126,-5538.940132,5278.938872,2025-09-22;140050
634641041,-1395,651.35705,-5656.75569,6308.1127400000005,2025-09-22;144654
635018495,-5200,310.908,-6266.1144,6577.0224,2025-09-23;140025
635018749,-751,142.53229,-5088.0415219999995,5230.5738120000005,2025-09-23;140029
635024398,-958,699.13882,-6816.191076,7515.329896,2025-09-23;141109
635310108,-37,56.82223,-6044.210814,6101.033044,2025-09-24;140035
635310109,-2434,-279.91114,-5951.183548,5671.272408,2025-09-24;140038
635310249,-4101,-451.97121,-7238.355222,6786.3840119999995,2025-09-24;140043
635626974,-5043,1158.83097,-5976.065946,7134.896916,2025-09-25;140015
635627984,-887,-1524.82627,-5227.884513999999,3703.058244,2025-09-25;140048
635927473,-105,-49.177222,-5272.957482,5223.78026,2025-09-26;140057
636267758,-535,5.2376499999999995,-6470.83677,6476.07442,2025-09-29;140053
636267855,-644,234.14476000000002,-6183.194168,6417.338928,2025-09-29;140057
636612941,-6,-210.86126,-5747.680132,5536.818872,2025-09-30;140015
636612973,-11,-21.887138,-552.40507,530.517932,2025-09-30;140010
637061421,-26,-104.18546,-7047.000572,6942.815112,2025-10-01;140049
637061866,-1907,152.15953000000002,-5044.056954,5196.2164840000005,2025-10-01;140040
637062044,-372,22.241880000000002,-5447.948184,5470.190064,2025-10-01;140054
637067031,-1163,307.76577,-5146.300586,5454.066356,2025-10-01;140712
637476311,-6,278.97874,-5545.600132,5824.578872,2025-10-02;140044
637476507,-722,36.938379999999995,-4803.925884,4840.864264,2025-10-02;140039
637892242,-5,-177.00105,-4901.00011,4723.99906,2025-10-03;140110
637892423,-509,55.883109999999995,-4812.606198,4868.489308,2025-10-03;140105
638331452,-870,792.8173,-7458.96914,8251.78644,2025-10-06;140037
638332799,-454,167.88466,-5114.319988,5282.204648,2025-10-06;140413
638805876,-137,3.45123,-6618.103014,6621.554244,2025-10-07;140022
638805879,-579,239.84841,-4910.247738,5150.0961480000005,2025-10-07;140025
638806099,-5,-63.284383,-4798.633443,4735.34906,2025-10-07;140017
638806141,-6,-67.027926,-5758.526799,5691.498872,2025-10-07;140045
638806354,-375,18.67125,-5019.38325,5038.0545,2025-10-07;140035
638806516,-34,-808.644787,-5819.918395,5011.273608,2025-10-07;140030
638806610,-1121,-280.48541,-6070.239662,5789.754252,2025-10-07;140040
639217266,-165,73.46535,-4977.80363,5051.26898,2025-10-08;155528
639217596,-79,22.47341,-5546.011738,5568.485148,2025-10-08;155609
639217764,-2580,257.4582,-5482.5567599999995,5740.01496,2025-10-08;155644
639219168,-3179,-285.45759,-10092.074938,9806.617348,2025-10-08;155730
639601776,-301,-45.213210000000004,-5913.151621999999,5867.9384119999995,2025-10-09;140052
639601779,-52,-64.93092,-4868.721144,4803.790224,2025-10-09;140058
639601820,-300,454.937,-3593.5065999999997,4048.4435999999996,2025-10-09;140106
639601956,-5,-71.734383,-4655.733443,4583.99906,2025-10-09;140102
639602134,-404,-32.40484,-5746.908888,5714.504048,2025-10-09;140112
640356253,-664,605.100561,-6444.134607,7049.235168,2025-10-13;140054
640356369,-1,-40.996877,-931.146689,890.149812,2025-10-13;140059
640357611,-1537,1269.51223,-5999.893814,7269.406044,2025-10-13;140314
640359049,-1235,1045.39065,-4802.10217,5847.4928199999995,2025-10-13;140608
640359050,-1543,1312.57097,-5993.243946,7305.814916,2025-10-13;140611
640363647,-875,-105.18375,-5411.89425,5306.7105,2025-10-13;141615
640707815,-796,-111.60716000000001,-5042.677512,4931.070352,2025-10-14;140056
640707943,-70,130.2853,-5003.90154,5134.18684,2025-10-14;140043
640707992,-736,161.76544,-5715.056192,5876.821631999999,2025-10-14;140048
640708039,-318,-60.48678,-5890.956996,5830.470216000001,2025-10-14;140053
640708276,-528,-108.99088,-6079.931616,5970.9407360000005,2025-10-14;140102
641336013,-459,321.20361,-5129.335098,5450.538708,2025-10-16;140056
641336237,-118,-157.78478,-6191.282596,6033.497816,2025-10-16;140100
641637601,-143,-156.47003,-6518.943146,6362.473116,2025-10-17;140022
641964511,-5,0.39895,-4659.90011,4660.29906,2025-10-20;145501
641964514,-141,102.31039,-5928.643102,6030.953492000001,2025-10-20;145505
641964854,-1451,-914.4347100000001,-7189.736922,6275.302212,2025-10-20;145450
641966337,-31,-356.33651,-5000.060682,4643.724172,2025-10-20;145937
641973356,-9478,-256.08782,-4476.603516,4220.515696,2025-10-20;151737
641976625,-7200,-528.7077999999999,-3732.3842,3203.6764000000003,2025-10-20;152616
642236811,-6,83.67874,-5567.080132,5650.758872,2025-10-21;140047
642237199,-57,49.85803,-6789.131254,6838.989284,2025-10-21;140057
642289792,-200,-14.0433,-531.0057,516.9624,2025-10-21;155505
642573094,-74,52.74446,-4981.941628,5034.686088,2025-10-22;140039
642573447,-557,122.42303,-5951.557254,6073.980284,2025-10-22;140044
642878206,-6,-15.20126,-5632.960132,5617.758872,2025-10-23;140035
642878444,-51,7.67929,-4782.251122,4789.930412,2025-10-23;140030
642884693,-127,-159.50666999999999,-6010.642793999999,5851.136124000001,2025-10-23;141556
643515467,-5,-35.10105,-4695.65011,4660.54906,2025-10-27;150018
643831379,-6,-114.26126,-5620.000132,5505.738872,2025-10-28;150015
643831795,-242,131.88918,-5041.655323999999,5173.544504,2025-10-28;150019
644162635,-64,-122.33344,-4929.001408,4806.667968,2025-10-29;150044
644501767,-296,301.85784,-6694.046512,6995.9043520000005,2025-10-30;150008
644502019,-2553,-1200.44613,-4863.521166,3663.0750359999997,2025-10-30;150022
644502118,-25,-134.75525,-4956.75055,4821.9953,2025-10-30;150018
644502190,-195,-175.59095,-5786.65429,5611.06334,2025-10-30;150041
644502418,-59,-48.62239,-6296.891298,6248.268908,2025-10-30;150012
644502448,-1517,38.85143,-5758.218374,5797.069804000001,2025-10-30;150035
644502458,-5,108.69895,-4601.00011,4709.69906,2025-10-30;150045
644506527,-114,199.75606000000002,-5077.422508,5277.178568,2025-10-30;150635
644862299,-80,11.5832,-6679.40176,6690.98496,2025-10-31;150027
644862314,-6,127.05874,-5518.900132,5645.958872,2025-10-31;150037
644862369,-655,-438.98755,-8328.33941,7889.35186,2025-10-31;150033
644862428,-155,-37.68255,-4806.00341,4768.32086,2025-10-31;150046
644862432,-230,-25.3483,-7101.25506,7075.90676,2025-10-31;150050
644862627,-322,-70.90762000000001,-5900.6570839999995,5829.749464,2025-10-31;150043
645251325,-283,381.99057,-4801.101226000001,5183.091796000001,2025-11-03;140151
645256502,-276,179.34204,-4950.066072,5129.408112,2025-11-03;140817
645566521,-24,74.79496,-7459.960528,7534.755488,2025-11-04;134236
645567144,-25,22.49475,-4849.50055,4871.9953,2025-11-04;134419
645567255,-89,386.02131,-5591.981958,5978.003268,2025-11-04;134433
645567273,-767,298.96893,-8555.901874,8854.870804,2025-11-04;134400
645567435,-677,-203.24217,-5202.759894,4999.517723999999,2025-11-04;134453
645567865,-209,-33.48389,-6321.2095979999995,6287.725708,2025-11-04;134519
