CurrencyPrimary,IBCommission,Open/CloseIndicator,CostBasis,FifoPnlRealized,LevelOfDetail,trade_date
USD,-1.006956,C,-799.015814,45.79723,EXECUTION,2025-08-19
USD,-0.2226,C,-4319.0044,252.773,EXECUTION,2025-08-19
USD,-0.326844,C,-1360.486386,79.36677,EXECUTION,2025-08-19
USD,-0.171204,C,-712.635726,41.57307,EXECUTION,2025-08-19
USD,-1.004888,C,-588.380572,-10.10546,EXECUTION,2025-08-20
USD,-0.1676,C,-4525.1349,-69.3025,EXECUTION,2025-08-20
USD,-0.191956,C,-837.495814,-13.32777,EXECUTION,2025-08-20
USD,-1.000188,C,-201.190035,6.849777,EXECUTION,2025-07-02
USD,-1.00658,C,-7882.65077,163.19265,EXECUTION,2025-08-05
USD,-1.0188,C,-382.5022,3.479,EXECUTION,2025-08-20
USD,-0.0188,C,-382.5022,4.479,EXECUTION,2025-08-20
USD,-0.5188,C,-382.5022,3.979,EXECUTION,2025-08-20
USD,-0.5188,C,-382.5022,3.979,EXECUTION,2025-08-20
USD,-0.5188,C,-382.5022,3.979,EXECUTION,2025-08-20
USD,-0.5188,C,-382.5022,3.979,EXECUTION,2025-08-20
USD,-1.5564,C,-1147.5066,11.937,EXECUTION,2025-08-20
USD,-0.5188,C,-382.5022,3.979,EXECUTION,2025-08-20
USD,-0.5188,C,-382.5022,3.979,EXECUTION,2025-08-20
USD,-2.0752,C,-1530.0088,15.916,EXECUTION,2025-08-20
USD,-2.536932,C,-1870.436258,19.45681,EXECUTION,2025-08-20
USD,-1.0376,C,-797.0044,-24.042,EXECUTION,2025-08-21
USD,-0.705568,C,-541.962992,-16.34856,EXECUTION,2025-08-21
USD,-0.5188,C,-398.5022,-12.021,EXECUTION,2025-08-21
USD,-5.7068,C,-4383.5242,-132.231,EXECUTION,2025-08-21
USD,-1.0188,C,-381.5022,-2.521,EXECUTION,2025-09-12
USD,-0.0188,C,-381.5022,-1.521,EXECUTION,2025-09-12
USD,-0.5188,C,-381.5022,-2.021,EXECUTION,2025-09-12
USD,-0.944216,C,-694.334004,-3.67822,EXECUTION,2025-09-12
USD,-4.6692,C,-3433.5198,-18.189,EXECUTION,2025-09-12
USD,-0.223084,C,-164.045946,-0.86903,EXECUTION,2025-09-12
USD,-0.44098,C,-324.27687,-1.71785,EXECUTION,2025-09-12
USD,-1.0188,C,-649.5035,-0.5223,EXECUTION,2025-07-02
USD,-0.0188,C,-649.5035,0.4777,EXECUTION,2025-07-02
USD,-1.0376,C,-1289.007,9.9554,EXECUTION,2025-07-02
USD,-0.5188,C,-639.5035,9.9777,EXECUTION,2025-07-02
USD,-0.5188,C,-639.5035,9.9777,EXECUTION,2025-07-02
USD,-0.036316,C,-44.765245,0.698439,EXECUTION,2025-07-02
USD,-1.012972,C,-4997.291518,-2.01449,EXECUTION,2025-08-18
USD,-1.015792,C,-6112.001848,-85.17764,EXECUTION,2025-09-10
USD,-1.014852,C,-5546.011738,22.47341,EXECUTION,2025-10-08
USD,-1.01316,C,-5003.90154,130.2853,EXECUTION,2025-10-14
USD,-1.0188,C,-121.0022,5.979,EXECUTION,2025-08-22
USD,-3.6504,C,-963.709908,56.639692,EXECUTION,2025-08-22
USD,-0.5188,C,-120.463738,7.017462,EXECUTION,2025-08-22
USD,-1.0376,C,-240.927477,14.034923,EXECUTION,2025-08-22
USD,-0.5188,C,-120.463738,7.017462,EXECUTION,2025-08-22
USD,-1.0376,C,-240.965938,15.996462,EXECUTION,2025-08-22
USD,-0.5188,C,-120.5022,6.979,EXECUTION,2025-08-22
USD,-3.6316,C,-843.5154,48.853,EXECUTION,2025-08-22
USD,-1.0376,C,-241.0044,15.958,EXECUTION,2025-08-22
USD,-0.5188,C,-120.5022,7.979,EXECUTION,2025-08-22
USD,-0.5188,C,-120.5022,7.979,EXECUTION,2025-08-22
USD,-0.5188,C,-120.5022,7.979,EXECUTION,2025-08-22
USD,-2.0752,C,-482.0088,31.916,EXECUTION,2025-08-22
USD,-1.0188,C,-120.5022,5.479,EXECUTION,2025-09-23
USD,-0.0188,C,-120.5022,6.479,EXECUTION,2025-09-23
USD,-0.5188,C,-120.5022,5.979,EXECUTION,2025-09-23
USD,-2.0752,C,-482.0088,23.916,EXECUTION,2025-09-23
USD,-0.5188,C,-120.5022,5.979,EXECUTION,2025-09-23
USD,-0.5188,C,-120.5022,5.979,EXECUTION,2025-09-23
USD,-0.5188,C,-120.5022,5.979,EXECUTION,2025-09-23
USD,-0.5188,C,-120.5022,5.979,EXECUTION,2025-09-23
USD,-0.5188,C,-120.5022,5.979,EXECUTION,2025-09-23
USD,-0.5188,C,-120.5022,5.979,EXECUTION,2025-09-23
USD,-0.5188,C,-120.5022,5.979,EXECUTION,2025-09-23
USD,-1.0376,C,-241.0044,11.958,EXECUTION,2025-09-23
USD,-0.5188,C,-120.5022,5.979,EXECUTION,2025-09-23
USD,-0.5188,C,-120.5022,5.979,EXECUTION,2025-09-23
USD,-0.5188,C,-120.5022,5.979,EXECUTION,2025-09-23
USD,-9.3384,C,-2169.0396,107.622,EXECUTION,2025-09-23
USD,-3.6316,C,-843.5154,41.853,EXECUTION,2025-09-23
USD,-3.284004,C,-762.778926,37.84707,EXECUTION,2025-09-23
USD,-0.5188,C,-120.5022,5.979,EXECUTION,2025-09-23
USD,-0.347596,C,-80.736474,4.00593,EXECUTION,2025-09-23
USD,-1.0188,C,-777.108322,13.872878,EXECUTION,2025-08-14
USD,-0.5376,C,-1552.398278,31.064122,EXECUTION,2025-08-14
USD,-2.0752,C,-3106.0088,59.916,EXECUTION,2025-08-14
USD,-0.5188,C,-776.5022,14.979,EXECUTION,2025-08-14
USD,-0.85602,C,-1281.22863,24.71535,EXECUTION,2025-08-14
USD,-1.0188,C,-857.0022,90.979,EXECUTION,2025-10-06
USD,-0.0188,C,-856.2522,92.729,EXECUTION,2025-10-06
USD,-0.5188,C,-856.2522,92.229,EXECUTION,2025-10-06
USD,-0.5188,C,-856.5022,91.979,EXECUTION,2025-10-06
USD,-2.0752,C,-3432.0088,361.916,EXECUTION,2025-10-06
USD,-0.36316,C,-600.95154,62.9853,EXECUTION,2025-10-06
USD,-1.000638,C,96.746871,1.786233,EXECUTION,2025-07-02
USD,-1.0188,C,-389.5022,14.479,EXECUTION,2025-08-15
USD,-1.0564,C,-1168.5066,45.437,EXECUTION,2025-08-15
USD,-0.5188,C,-389.5022,14.979,EXECUTION,2025-08-15
USD,-0.5188,C,-389.5022,14.979,EXECUTION,2025-08-15
USD,-0.5188,C,-389.5022,14.979,EXECUTION,2025-08-15
USD,-1.0376,C,-779.0044,29.958,EXECUTION,2025-08-15
USD,-0.036316,C,-27.265154,1.04853,EXECUTION,2025-08-15
USD,-1.717228,C,-1289.252282,49.58049,EXECUTION,2025-08-15
USD,-1.006956,C,-6044.210814,56.82223,EXECUTION,2025-09-24
USD,-1.018236,C,-4975.162134,43.56963,EXECUTION,2025-08-15
USD,-1.000564,C,-154.840066,-0.59063,EXECUTION,2025-08-15
USD,-0.001692,C,-461.520198,4.22811,EXECUTION,2025-08-15
USD,-0.017108,C,-4666.482002,42.75089,EXECUTION,2025-08-15
USD,-0.001128,C,-307.680132,2.81874,EXECUTION,2025-08-15
USD,-1.023124,C,-6820.122706,-313.21583,EXECUTION,2025-08-11
USD,-1.0376,C,-2303.0044,-40.042,EXECUTION,2025-10-14
USD,-1.701664,C,-3776.927216,-68.94888,EXECUTION,2025-10-14
USD,-1.411136,C,-3039.605984,190.34288,EXECUTION,2025-10-16
USD,-0.5188,C,-1117.5022,69.979,EXECUTION,2025-10-16
USD,-0.145264,C,-312.900616,19.59412,EXECUTION,2025-10-16
USD,-0.306092,C,-659.326298,41.28761,EXECUTION,2025-10-16
USD,-1.0376,C,-1179.0044,-344.042,EXECUTION,2025-09-25
USD,-0.5188,C,-589.5022,-172.021,EXECUTION,2025-09-25
USD,-0.5188,C,-589.5022,-172.021,EXECUTION,2025-09-25
USD,-2.526556,C,-2869.875714,-836.74227,EXECUTION,2025-09-25
USD,-1.0188,C,-319.0022,7.979,EXECUTION,2025-07-16
USD,-7.8008,C,-5095.5357,144.6635,EXECUTION,2025-07-16
USD,-0.5188,C,-318.5022,8.979,EXECUTION,2025-07-16
USD,-0.5188,C,-318.5022,8.979,EXECUTION,2025-07-16
USD,-2.313848,C,-1420.519812,40.04634,EXECUTION,2025-07-16
USD,-1.0188,C,-315.0022,12.979,EXECUTION,2025-07-17
USD,-2.6128,C,-1886.5132,84.873999,EXECUTION,2025-07-17
USD,-5.188,C,-3145.022,139.79,EXECUTION,2025-07-17
USD,-0.10376,C,-62.90044,2.7958,EXECUTION,2025-07-17
USD,-2.594,C,-1572.511,69.895,EXECUTION,2025-07-17
USD,-1.0188,C,-347.0022,-9.021,EXECUTION,2025-07-23
USD,-0.0188,C,-346.0022,-7.021,EXECUTION,2025-07-23
USD,-0.5188,C,-346.5022,-8.021,EXECUTION,2025-07-23
USD,-0.5188,C,-346.5022,-8.021,EXECUTION,2025-07-23
USD,-0.5188,C,-346.5022,-8.021,EXECUTION,2025-07-23
USD,-0.5188,C,-346.5022,-8.021,EXECUTION,2025-07-23
USD,-0.5188,C,-346.5022,-8.021,EXECUTION,2025-07-23
USD,-1.0188,C,-346.5022,-30.521,EXECUTION,2025-08-04
USD,-0.0188,C,-346.5022,-29.521,EXECUTION,2025-08-04
USD,-0.5188,C,-346.5022,-30.021,EXECUTION,2025-08-04
USD,-0.5188,C,-346.5022,-28.021,EXECUTION,2025-08-04
USD,-0.5188,C,-346.5022,-30.021,EXECUTION,2025-08-04
USD,-1.0376,C,-693.0044,-56.042,EXECUTION,2025-08-04
USD,-0.5188,C,-346.5022,-28.021,EXECUTION,2025-08-04
USD,-6.3553,C,-3926.53195,-12.88725,EXECUTION,2025-08-04
USD,-0.5188,C,-313.5022,4.979,EXECUTION,2025-08-04
USD,-4.1504,C,-2508.0176,-64.168,EXECUTION,2025-08-06
USD,-0.5188,C,-313.5022,-8.021,EXECUTION,2025-08-06
USD,-0.5188,C,-313.5022,-8.021,EXECUTION,2025-08-06
USD,-4.6692,C,-2779.5698,-30.239,EXECUTION,2025-08-06
USD,-1.898808,C,-1129.118052,-11.05686,EXECUTION,2025-08-06
USD,-1.0376,C,-617.0044,-4.042,EXECUTION,2025-09-15
USD,-4.466868,C,-2656.203942,-17.40081,EXECUTION,2025-09-15
USD,-1.0376,C,-1891.0044,21.958,EXECUTION,2025-10-03
USD,-1.0376,C,-1891.0044,21.958,EXECUTION,2025-10-03
USD,-0.565492,C,-1030.597398,11.96711,EXECUTION,2025-10-03
USD,-1.0188,C,-717.5022,-10.521,EXECUTION,2025-08-21
USD,-2.0752,C,-2870.0088,-72.084,EXECUTION,2025-08-22
USD,-1.5564,C,-2154.5066,-56.063,EXECUTION,2025-08-22
USD,-0.5188,C,-718.5022,-19.021,EXECUTION,2025-08-22
USD,-1.032712,C,-6964.483828,-83.81654,EXECUTION,2025-08-12
USD,-1.0188,C,-2970.0022,-27.021,EXECUTION,2025-09-02
USD,-0.0188,C,-2969.0022,-24.021,EXECUTION,2025-09-02
USD,-0.036316,C,-207.795154,-1.68147,EXECUTION,2025-09-02
USD,-1.036848,C,-5694.804312,-80.44116,EXECUTION,2025-09-16
USD,-1.01128,C,-7054.60132,23.1874,EXECUTION,2025-08-07
USD,-1.022372,C,-4899.042618,115.78501,EXECUTION,2025-09-19
USD,-1.0188,C,-4733.0022,-126.021,EXECUTION,2025-10-23
USD,-0.005076,C,-1277.640594,-33.48567,EXECUTION,2025-10-23
USD,-1.002632,C,-623.543115,23.654253,EXECUTION,2025-10-30
USD,-0.0188,C,-4453.879393,176.101807,EXECUTION,2025-10-30
USD,-1.0188,C,-2093.5022,252.479,EXECUTION,2025-08-26
USD,-0.0188,C,-2093.5022,251.479,EXECUTION,2025-08-26
USD,-1.0188,C,-1820.0022,28.979,EXECUTION,2025-08-05
USD,-0.0188,C,-1821.0022,29.979,EXECUTION,2025-08-05
USD,-0.300904,C,-1056.471276,16.80782,EXECUTION,2025-08-05
USD,-1.0188,C,-2084.0022,52.979,EXECUTION,2025-10-28
USD,-0.0188,C,-2083.0022,54.979,EXECUTION,2025-10-28
USD,-0.217896,C,-874.650924,23.93118,EXECUTION,2025-10-28
USD,-1.015604,C,-2720.365378,-84.470982,EXECUTION,2025-07-31
USD,-0.0188,C,-3277.548648,-100.567448,EXECUTION,2025-07-31
USD,-1.0188,C,-3184.0022,128.979,EXECUTION,2025-08-12
USD,-0.011468,C,-1941.631342,79.89719,EXECUTION,2025-08-12
USD,-0.002444,C,-413.790286,17.02727,EXECUTION,2025-08-12
USD,-1.03102,C,-1829.02863,45.99035,EXECUTION,2025-08-19
USD,-0.3438,C,-1108.5022,28.154,EXECUTION,2025-08-19
USD,-0.5188,C,-1108.5022,27.979,EXECUTION,2025-08-19
USD,-0.357972,C,-764.866518,19.30551,EXECUTION,2025-08-19
USD,-1.0188,C,-1313.037475,-11.056275,EXECUTION,2025-08-28
USD,-0.0188,C,-1312.2097,-9.2285,EXECUTION,2025-08-28
USD,-1.047976,C,-2651.011669,-19.999645,EXECUTION,2025-08-28
USD,-0.5188,C,-1312.3122,-9.831,EXECUTION,2025-08-28
USD,-2.0752,C,-4462.0088,155.916,EXECUTION,2025-11-04
USD,-0.347596,C,-747.386474,26.11593,EXECUTION,2025-11-04
USD,-1.5564,C,-3346.5066,116.937,EXECUTION,2025-11-04
USD,-1.0188,C,-214.5022,-5.521,EXECUTION,2025-07-07
USD,-2.6128,C,-1287.0132,-29.626,EXECUTION,2025-07-07
USD,-1.5564,C,-643.5066,-15.063,EXECUTION,2025-07-07
USD,-3.1128,C,-1287.0132,-30.126,EXECUTION,2025-07-07
USD,-0.5188,C,-214.5022,-5.021,EXECUTION,2025-07-07
USD,-1.99738,C,-825.83347,-19.33085,EXECUTION,2025-07-07
USD,-2.594,C,-1072.511,-25.105,EXECUTION,2025-07-07
USD,-0.254212,C,-105.106078,-2.46029,EXECUTION,2025-07-07
USD,-1.0376,C,-363.337733,19.624667,EXECUTION,2025-08-15
USD,-0.5188,C,-180.335533,11.145667,EXECUTION,2025-08-15
USD,-0.5188,C,-180.335533,10.145667,EXECUTION,2025-08-15
USD,-2.594,C,-912.511,39.895,EXECUTION,2025-08-15
USD,-0.5188,C,-182.5022,7.979,EXECUTION,2025-08-15
USD,-1.0376,C,-365.0044,15.958,EXECUTION,2025-08-15
USD,-0.5188,C,-182.5022,7.979,EXECUTION,2025-08-15
USD,-2.594,C,-908.511,43.895,EXECUTION,2025-08-15
USD,-0.5188,C,-179.5022,10.979,EXECUTION,2025-08-15
USD,-3.1128,C,-1077.0132,65.874,EXECUTION,2025-08-15
USD,-3.1128,C,-1077.0132,65.874,EXECUTION,2025-08-15
USD,-3.1128,C,-1077.0132,65.874,EXECUTION,2025-08-15
USD,-0.5188,C,-179.5022,10.979,EXECUTION,2025-08-15
USD,-0.5188,C,-179.5022,10.979,EXECUTION,2025-08-15
USD,-1.5564,C,-538.5066,32.937,EXECUTION,2025-08-15
USD,-0.5188,C,-179.5022,10.979,EXECUTION,2025-08-15
USD,-0.446168,C,-154.371892,9.44194,EXECUTION,2025-08-15
USD,-1.0188,C,-119.0022,21.979,EXECUTION,2025-09-25
USD,-0.5376,C,-236.984169,46.478231,EXECUTION,2025-09-25
USD,-0.5188,C,-118.492085,22.989115,EXECUTION,2025-09-25
USD,-1.0376,C,-236.984169,45.978231,EXECUTION,2025-09-25
USD,-1.0376,C,-236.984169,45.978231,EXECUTION,2025-09-25
USD,-0.5188,C,-118.492085,22.989115,EXECUTION,2025-09-25
USD,-3.1128,C,-710.952508,137.934692,EXECUTION,2025-09-25
USD,-0.5188,C,-118.492085,22.989115,EXECUTION,2025-09-25
USD,-0.5188,C,-118.492085,22.989115,EXECUTION,2025-09-25
USD,-0.5188,C,-118.492085,22.989115,EXECUTION,2025-09-25
USD,-1.0376,C,-236.984169,45.978231,EXECUTION,2025-09-25
USD,-1.5564,C,-355.476254,68.967346,EXECUTION,2025-09-25
USD,-1.0376,C,-236.984169,45.978231,EXECUTION,2025-09-25
USD,-0.5188,C,-118.492085,22.989115,EXECUTION,2025-09-25
USD,-1.0376,C,-236.984169,45.978231,EXECUTION,2025-09-25
USD,-0.5188,C,-118.492085,22.989115,EXECUTION,2025-09-25
USD,-0.5188,C,-118.492085,22.989115,EXECUTION,2025-09-25
USD,-0.5188,C,-118.492085,22.989115,EXECUTION,2025-09-25
USD,-0.5188,C,-118.492085,22.989115,EXECUTION,2025-09-25
USD,-0.5188,C,-118.492085,22.989115,EXECUTION,2025-09-25
USD,-2.594,C,-592.460423,114.945577,EXECUTION,2025-09-25
USD,-1.0376,C,-236.984169,45.978231,EXECUTION,2025-09-25
USD,-1.5564,C,-355.476254,68.967346,EXECUTION,2025-09-25
USD,-1.0376,C,-236.984169,45.978231,EXECUTION,2025-09-25
USD,-0.5188,C,-118.492085,22.989115,EXECUTION,2025-09-25
USD,-0.5188,C,-118.492085,22.989115,EXECUTION,2025-09-25
USD,-1.0376,C,-236.984169,45.978231,EXECUTION,2025-09-25
USD,-0.741884,C,-169.443681,32.874435,EXECUTION,2025-09-25
USD,-15.0452,C,-1258.577028,234.377772,EXECUTION,2025-09-10
USD,-0.5188,C,-43.258888,8.382312,EXECUTION,2025-09-10
USD,-0.5188,C,-43.258888,8.222312,EXECUTION,2025-09-10
USD,-2.594,C,-216.292852,41.113148,EXECUTION,2025-09-10
USD,-0.5188,C,-43.2146,8.2666,EXECUTION,2025-09-10
USD,-0.5188,C,-43.24876,8.23244,EXECUTION,2025-09-10
USD,-1.5564,C,-129.3182,25.1254,EXECUTION,2025-09-10
USD,-1.0376,C,-86.2524,16.71,EXECUTION,2025-09-10
USD,-2.594,C,-215.631,42.125,EXECUTION,2025-09-10
USD,-2.594,C,-215.631,42.125,EXECUTION,2025-09-10
USD,-2.594,C,-215.631,42.225,EXECUTION,2025-09-10
USD,-0.5188,C,-43.1262,8.615,EXECUTION,2025-09-10
USD,-2.594,C,-215.631,42.225,EXECUTION,2025-09-10
USD,-2.594,C,-215.631,42.225,EXECUTION,2025-09-10
USD,-18.158,C,-1508.87278,295.41922,EXECUTION,2025-09-10
USD,-4.6692,C,-387.5652,75.7656,EXECUTION,2025-09-10
USD,-0.5188,C,-43.0628,8.5084,EXECUTION,2025-09-10
USD,-4.1504,C,-344.5024,68.0672,EXECUTION,2025-09-10
USD,-3.1128,C,-258.3768,51.0504,EXECUTION,2025-09-10
USD,-0.5188,C,-43.0628,8.5084,EXECUTION,2025-09-10
USD,-0.5188,C,-43.0628,8.5084,EXECUTION,2025-09-10
USD,-0.5188,C,-43.0628,8.7484,EXECUTION,2025-09-10
USD,-2.594,C,-215.314,42.542,EXECUTION,2025-09-10
USD,-0.5188,C,-43.0628,8.5084,EXECUTION,2025-09-10
USD,-2.594,C,-215.314,42.642,EXECUTION,2025-09-10
USD,-15.621068,C,-1296.620908,268.231924,EXECUTION,2025-09-10
USD,-2.594,C,-215.35655,42.59945,EXECUTION,2025-09-10
USD,-1.0188,C,-711.5022,72.479,EXECUTION,2025-09-23
USD,-0.0188,C,-711.5022,73.479,EXECUTION,2025-09-23
USD,-3.413704,C,-4681.684476,480.20182,EXECUTION,2025-09-23
USD,-0.5188,C,-711.5022,72.979,EXECUTION,2025-09-23
USD,-1.0188,C,-5776.0022,100.979,EXECUTION,2025-08-06
USD,-0.005452,C,-1674.750638,29.86391,EXECUTION,2025-08-06
USD,-1.0188,C,-2376.0022,-83.021,EXECUTION,2025-08-06
USD,-0.127748,C,-2854.287662,-78.67541,EXECUTION,2025-08-06
USD,-1.0188,C,-734.0022,69.979,EXECUTION,2025-08-18
USD,-1.5752,C,-2933.5088,284.916,EXECUTION,2025-08-18
USD,-0.845644,C,-1195.608586,115.69577,EXECUTION,2025-08-18
USD,-0.5188,C,-733.5022,70.979,EXECUTION,2025-08-18
USD,-2.121892,C,-3313.863998,-146.23589,EXECUTION,2025-08-19
USD,-2.594,C,-4048.511,-176.105,EXECUTION,2025-08-19
USD,-1.0094,C,-4847.5011,47.9895,EXECUTION,2025-09-02
USD,-1.0188,C,-909.5022,-21.521,EXECUTION,2025-08-28
USD,-0.0188,C,-909.5022,-20.521,EXECUTION,2025-08-28
USD,-1.5564,C,-2728.5066,-63.063,EXECUTION,2025-08-28
USD,-0.5188,C,-909.5022,-21.021,EXECUTION,2025-08-28
USD,-1.468204,C,-2573.891226,-59.48943,EXECUTION,2025-08-28
USD,-1.0188,C,-864.0022,-10.021,EXECUTION,2025-08-07
USD,-0.005452,C,-250.270638,-2.32609,EXECUTION,2025-08-07
USD,-0.1638,C,-863.1472,-8.311,EXECUTION,2025-08-07
USD,-0.368348,C,-613.086562,-6.40491,EXECUTION,2025-08-07
USD,-0.5188,C,-863.5022,-9.021,EXECUTION,2025-08-07
USD,-0.5188,C,-863.5022,-9.021,EXECUTION,2025-08-07
USD,-0.399476,C,-664.896694,-6.94617,EXECUTION,2025-08-07
USD,-1.0188,C,-866.5022,-7.521,EXECUTION,2025-08-11
USD,-0.0188,C,-866.5022,-6.521,EXECUTION,2025-08-11
USD,-0.5188,C,-866.5022,-7.021,EXECUTION,2025-08-11
USD,-0.5188,C,-866.5022,-7.021,EXECUTION,2025-08-11
USD,-0.5188,C,-866.5022,-7.021,EXECUTION,2025-08-11
USD,-0.5188,C,-866.5022,-7.021,EXECUTION,2025-08-11
USD,-0.057068,C,-95.315242,-0.77231,EXECUTION,2025-08-11
USD,-20.248764,C,-4312.900866,155.30037,EXECUTION,2025-09-10
USD,-3.1128,C,-663.0132,23.874,EXECUTION,2025-09-10
USD,-1.0188,C,-623.0022,-6.021,EXECUTION,2025-08-13
USD,-0.5376,C,-1244.5049,-9.0425,EXECUTION,2025-08-13
USD,-1.0376,C,-1245.0044,-10.042,EXECUTION,2025-08-13
USD,-1.5564,C,-1867.5066,-15.063,EXECUTION,2025-08-13
USD,-1.0376,C,-1245.0044,-10.042,EXECUTION,2025-08-13
USD,-0.918276,C,-1101.828894,-8.88717,EXECUTION,2025-08-13
USD,-1.0188,C,-3046.0022,88.979,EXECUTION,2025-08-07
USD,-0.0188,C,-3045.0022,90.979,EXECUTION,2025-08-07
USD,-0.05188,C,-304.55022,8.9979,EXECUTION,2025-08-07
USD,-1.011092,C,-1908.061298,-35.23239,EXECUTION,2025-08-11
USD,-0.007708,C,-1325.940902,-23.78861,EXECUTION,2025-08-11
USD,-0.011092,C,-1907.471298,-33.64239,EXECUTION,2025-08-11
USD,-1.0188,C,-3299.0022,-83.021,EXECUTION,2025-09-11
USD,-0.0188,C,-3298.0022,-84.021,EXECUTION,2025-09-11
USD,-0.10376,C,-659.50044,-16.8042,EXECUTION,2025-09-11
USD,-1.047976,C,-7765.774444,398.01758,EXECUTION,2025-08-20
USD,-1.0376,C,-345.0044,41.958,EXECUTION,2025-07-23
USD,-15.180088,C,-5046.414372,614.84554,EXECUTION,2025-07-23
USD,-1.5564,C,-517.2466,63.197,EXECUTION,2025-07-23
USD,-0.5188,C,-171.5022,21.979,EXECUTION,2025-07-23
USD,-0.342408,C,-113.191452,14.50614,EXECUTION,2025-07-23
USD,-1.0188,C,-149.5022,4.479,EXECUTION,2025-08-14
USD,-1.5752,C,-598.0088,20.416,EXECUTION,2025-08-14
USD,-0.5188,C,-149.5022,4.979,EXECUTION,2025-08-14
USD,-5.188,C,-1495.022,49.79,EXECUTION,2025-08-14
USD,-5.177624,C,-1492.032456,49.68992,EXECUTION,2025-08-14
USD,-0.425416,C,-122.591804,4.08278,EXECUTION,2025-08-14
USD,-2.0752,C,-598.0088,19.916,EXECUTION,2025-08-14
USD,-0.5188,C,-149.5022,4.979,EXECUTION,2025-08-14
USD,-0.5188,C,-149.5022,4.979,EXECUTION,2025-08-14
USD,-1.002156,C,209.060913,-137.881243,EXECUTION,2025-07-07
USD,-1.447452,C,-6407.241138,-295.79859,EXECUTION,2025-08-01
USD,-1.281436,C,-5462.410434,56.75813,EXECUTION,2025-08-05
USD,-1.540836,C,-6921.591534,308.81763,EXECUTION,2025-08-26
USD,-1.0376,C,-4930.0044,6.958,EXECUTION,2025-09-10
USD,-0.223084,C,-1060.165946,1.28097,EXECUTION,2025-09-10
USD,-1.010716,C,-1409.041254,-2.72197,EXECUTION,2025-09-10
USD,-0.0188,C,-2471.4322,-2.451,EXECUTION,2025-09-10
USD,-0.000376,C,-49.420044,-0.04042,EXECUTION,2025-09-10
USD,-0.3138,C,-2470.2972,-1.611,EXECUTION,2025-09-10
USD,-1.411136,C,-6597.365984,179.46288,EXECUTION,2025-09-18
USD,-3.1128,C,-927.304867,-36.417667,EXECUTION,2025-08-21
USD,-0.5188,C,-154.460533,-5.979333,EXECUTION,2025-08-21
USD,-0.508424,C,-151.371323,-5.859747,EXECUTION,2025-08-21
USD,-6.7444,C,-2008.320423,-78.064823,EXECUTION,2025-08-21
USD,-7.782,C,-2317.53301,-90.31501,EXECUTION,2025-08-21
USD,-0.10376,C,-30.90044,-1.2042,EXECUTION,2025-08-21
USD,-1.0376,C,-435.0044,9.958,EXECUTION,2025-09-02
USD,-1.5564,C,-652.8066,143.637,EXECUTION,2025-09-10
USD,-2.0752,C,-869.7088,192.216,EXECUTION,2025-09-10
USD,-2.0752,C,-870.0088,191.916,EXECUTION,2025-09-10
USD,-4.134836,C,-1733.492534,382.39263,EXECUTION,2025-09-10
USD,-0.5188,C,-217.5022,47.979,EXECUTION,2025-09-10
USD,-0.5188,C,-217.5022,47.979,EXECUTION,2025-09-10
USD,-0.18158,C,-76.12577,16.79265,EXECUTION,2025-09-10
USD,-0.5193,C,-217.5022,47.9785,EXECUTION,2025-09-10
USD,-1.0188,C,-1852.849658,-19.868458,EXECUTION,2025-10-14
USD,-0.605044,C,-3945.482228,-39.667272,EXECUTION,2025-10-14
USD,-0.02594,C,-92.62511,-0.95105,EXECUTION,2025-10-14
USD,-1.009776,C,-4868.721144,-64.93092,EXECUTION,2025-10-09
USD,-1.001316,C,-3574.290154,67.64853,EXECUTION,2025-07-07
USD,-1.0188,C,-3144.0022,-26.021,EXECUTION,2025-08-04
USD,-0.01316,C,-2200.10154,-18.9147,EXECUTION,2025-08-04
USD,-4.1504,C,-884.0176,47.832,EXECUTION,2025-08-05
USD,-5.188,C,-1105.022,59.79,EXECUTION,2025-08-05
USD,-4.1504,C,-884.0176,47.832,EXECUTION,2025-08-05
USD,-5.7068,C,-1215.5242,65.769,EXECUTION,2025-08-05
USD,-1.0376,C,-221.0044,11.958,EXECUTION,2025-08-05
USD,-5.188,C,-1105.022,59.79,EXECUTION,2025-08-05
USD,-0.939028,C,-200.008982,10.82199,EXECUTION,2025-08-05
USD,-1.015416,C,-3932.081804,-88.11722,EXECUTION,2025-07-07
USD,-1.0188,C,-263.0022,22.979,EXECUTION,2025-08-05
USD,-0.0188,C,-262.335533,24.645667,EXECUTION,2025-08-05
USD,-6.7444,C,-3412.195267,312.060333,EXECUTION,2025-08-05
USD,-1.5564,C,-787.5066,71.937,EXECUTION,2025-08-05
USD,-0.378724,C,-191.626606,17.50467,EXECUTION,2025-08-05
USD,-0.399476,C,-202.126694,18.46383,EXECUTION,2025-08-05
USD,-1.0188,C,-768.5022,-30.521,EXECUTION,2025-11-04
USD,-0.014476,C,-591.746694,-22.73117,EXECUTION,2025-11-04
USD,-0.004324,C,-176.755506,-6.78983,EXECUTION,2025-11-04
USD,-1.0376,C,-1537.0044,-60.042,EXECUTION,2025-11-04
USD,-0.295716,C,-438.046254,-17.11197,EXECUTION,2025-11-04
USD,-0.5188,C,-768.5022,-30.021,EXECUTION,2025-11-04
USD,-0.62256,C,-922.20264,-36.0252,EXECUTION,2025-11-04
USD,-1.010716,C,-6789.131254,49.85803,EXECUTION,2025-10-21
USD,-1.011092,C,-5464.991298,-97.59239,EXECUTION,2025-08-08
USD,-1.01034,C,-5051.10121,44.18845,EXECUTION,2025-08-14
USD,-1.0047,C,-6735.75055,-124.50525,EXECUTION,2025-08-05
USD,-1.003948,C,-5609.470462,-121.49441,EXECUTION,2025-08-06
USD,-1.5564,C,-1162.5066,-0.063,EXECUTION,2025-08-08
USD,-2.184148,C,-1631.384262,-0.08841,EXECUTION,2025-08-08
USD,-3.1128,C,-2324.8032,0.084,EXECUTION,2025-08-08
USD,-0.5188,C,-386.7122,0.769,EXECUTION,2025-08-08
USD,-1.000564,C,-821.710105,-1.250669,EXECUTION,2025-07-01
USD,-1.004888,C,-7047.000572,-104.18546,EXECUTION,2025-10-01
USD,-1.018424,C,-2528.402156,2.89942,EXECUTION,2025-08-01
USD,-0.5276,C,-5158.5144,8.958,EXECUTION,2025-08-01
USD,-1.024252,C,-3282.407838,200.85791,EXECUTION,2025-08-14
USD,-0.1638,C,-2544.502345,156.333855,EXECUTION,2025-08-14
USD,-1.025756,C,-6618.103014,3.45123,EXECUTION,2025-10-07
USD,-1.026884,C,-6518.943146,-156.47003,EXECUTION,2025-10-17
USD,-1.015416,C,-5626.102903,21.861681,EXECUTION,2025-09-08
USD,-1.001692,C,-617.499099,-10.460791,EXECUTION,2025-09-10
USD,-3.96882,C,-3323.94183,-237.31065,EXECUTION,2025-09-10
USD,-2.594,C,-2172.511,-155.105,EXECUTION,2025-09-10
USD,-1.0188,C,-381.0022,89.979,EXECUTION,2025-10-13
USD,-0.0188,C,-380.0022,91.979,EXECUTION,2025-10-13
USD,-1.0376,C,-761.0044,181.958,EXECUTION,2025-10-13
USD,-1.76392,C,-1341.12248,268.7136,EXECUTION,2025-10-13
USD,-0.295716,C,-224.866254,45.01803,EXECUTION,2025-10-13
USD,-0.5188,C,-393.4822,79.999,EXECUTION,2025-10-13
USD,-1.670536,C,-1267.077084,257.53238,EXECUTION,2025-10-13
USD,-1.130984,C,-857.834796,174.35422,EXECUTION,2025-10-13
USD,-0.5188,C,-393.5022,79.979,EXECUTION,2025-10-13
USD,-1.0188,C,-380.5022,92.479,EXECUTION,2025-10-13
USD,-1.5752,C,-1522.0088,372.416,EXECUTION,2025-10-13
USD,-0.83008,C,-631.20352,126.3664,EXECUTION,2025-10-13
USD,-0.5188,C,-394.5022,78.979,EXECUTION,2025-10-13
USD,-2.4643,C,-1873.88545,375.15025,EXECUTION,2025-10-13
USD,-4.1504,C,-3067.0226,720.827,EXECUTION,2025-10-13
USD,-0.5188,C,-394.5022,78.979,EXECUTION,2025-10-13
USD,-0.1297,C,-98.62555,19.74475,EXECUTION,2025-10-13
USD,-0.5188,C,-394.5022,78.979,EXECUTION,2025-10-13
USD,-0.3891,C,-295.61665,59.49425,EXECUTION,2025-10-13
USD,-0.741884,C,-562.468146,114.60997,EXECUTION,2025-10-13
USD,-0.5188,C,-393.5022,79.979,EXECUTION,2025-10-13
USD,-0.5188,C,-393.5022,79.979,EXECUTION,2025-10-13
USD,-0.5188,C,-393.5022,79.979,EXECUTION,2025-10-13
USD,-1.020868,C,-1825.842442,-9.79331,EXECUTION,2025-09-19
USD,-0.5926,C,-3288.5594,-15.152,EXECUTION,2025-09-19
USD,-1.005452,C,-547.520638,3.05391,EXECUTION,2025-08-07
USD,-0.1826,C,-3774.8594,28.958,EXECUTION,2025-08-07
USD,-0.098572,C,-358.625418,2.65601,EXECUTION,2025-08-07
USD,-1.0188,C,-1878.0022,85.979,EXECUTION,2025-08-13
USD,-0.454592,C,-3454.104048,155.52136,EXECUTION,2025-08-13
USD,-1.042788,C,-3948.649422,-30.19221,EXECUTION,2025-10-09
USD,-0.5188,C,-1964.5022,-15.021,EXECUTION,2025-10-09
USD,-1.0188,C,-1492.0022,13.979,EXECUTION,2025-08-06
USD,-0.0188,C,-1491.0022,15.979,EXECUTION,2025-08-06
USD,-0.02594,C,-74.57511,0.74895,EXECUTION,2025-08-06
USD,-0.75226,C,-2162.67819,21.71955,EXECUTION,2025-08-06
USD,-1.001316,C,-105.070154,3.05853,EXECUTION,2025-08-12
USD,-0.0726,C,-3000.9694,116.958,EXECUTION,2025-08-12
USD,-0.5188,C,-1500.3622,58.119,EXECUTION,2025-08-12
USD,-0.119324,C,-344.655506,13.79517,EXECUTION,2025-08-12
USD,-1.0188,C,-1953.5022,-32.521,EXECUTION,2025-09-17
USD,-0.241884,C,-2793.508146,-45.29003,EXECUTION,2025-09-17
USD,-1.012972,C,-6872.021863,-88.264835,EXECUTION,2025-09-15
USD,-1.0188,C,-862.2354,0.7458,EXECUTION,2025-09-10
USD,-0.0188,C,-861.2672,2.714,EXECUTION,2025-09-10
USD,-0.062256,C,-103.352064,0.26568,EXECUTION,2025-09-10
USD,-0.5188,C,-861.2672,2.214,EXECUTION,2025-09-10
USD,-0.5188,C,-861.2672,2.214,EXECUTION,2025-09-10
USD,-0.5188,C,-861.5022,1.979,EXECUTION,2025-09-10
USD,-0.5188,C,-861.5022,1.979,EXECUTION,2025-09-10
USD,-1.0188,C,-862.5022,11.479,EXECUTION,2025-09-11
USD,-0.5376,C,-1725.0044,24.458,EXECUTION,2025-09-11
USD,-0.7782,C,-1293.7533,17.9685,EXECUTION,2025-09-11
USD,-0.46692,C,-776.25198,10.7811,EXECUTION,2025-09-11
USD,-0.5188,C,-862.5022,11.979,EXECUTION,2025-09-11
USD,-1.182864,C,-5625.905016,107.11212,EXECUTION,2025-09-10
USD,-1.000154,C,95.563293,-4.276861,EXECUTION,2025-07-02
USD,-1.010528,C,-5874.281232,-115.69176,EXECUTION,2025-08-12
USD,-1.034028,C,-1027.178982,-9.18301,EXECUTION,2025-09-12
USD,-0.4238,C,-567.5022,-4.926,EXECUTION,2025-09-12
USD,-0.5188,C,-567.5022,-5.021,EXECUTION,2025-09-12
USD,-2.0752,C,-2269.5288,-19.604,EXECUTION,2025-09-12
USD,-0.347596,C,-380.226474,-3.36407,EXECUTION,2025-09-12
USD,-1.00376,C,-108.30044,-5.9042,EXECUTION,2025-10-07
USD,-2.736788,C,-3795.930422,-174.49721,EXECUTION,2025-10-07
USD,-1.5564,C,-1624.5066,-75.063,EXECUTION,2025-10-07
USD,-0.5188,C,-541.5022,-25.021,EXECUTION,2025-10-07
USD,-1.0376,C,-3441.0044,-38.042,EXECUTION,2025-09-02
USD,-0.3891,C,-1290.37665,-14.26575,EXECUTION,2025-09-02
USD,-1.4267,C,-3680.88105,13.69225,EXECUTION,2025-10-07
USD,-0.5188,C,-1338.5022,4.979,EXECUTION,2025-10-07
USD,-1.004512,C,-7459.960528,74.79496,EXECUTION,2025-11-04
USD,-0.998244,C,-98.540286,-3.85853,EXECUTION,2025-08-14
USD,-0.6256,C,-2272.4416,-65.0672,EXECUTION,2025-08-14
USD,-0.5188,C,-757.5022,-22.021,EXECUTION,2025-08-14
USD,-1.0376,C,-1515.0044,-44.042,EXECUTION,2025-08-14
USD,-0.420228,C,-613.576782,-17.83701,EXECUTION,2025-08-14
USD,-1.028952,C,-6348.883388,5.66766,EXECUTION,2025-08-08
USD,-1.003384,C,-5098.600396,-40.16378,EXECUTION,2025-07-22
USD,-1.003196,C,-5348.690374,-65.58357,EXECUTION,2025-08-26
USD,-1.0188,C,-3007.539834,19.441366,EXECUTION,2025-08-19
USD,-0.002068,C,-330.829382,2.24855,EXECUTION,2025-08-19
USD,-0.0141,C,-2255.654876,15.331024,EXECUTION,2025-08-19
USD,-1.0188,C,-2974.0022,170.979,EXECUTION,2025-08-26
USD,-0.023988,C,-3002.737222,174.69879,EXECUTION,2025-08-26
USD,-1.0188,C,-3265.5022,-20.521,EXECUTION,2025-09-16
USD,-0.00564,C,-979.65066,-5.8563,EXECUTION,2025-09-16
USD,-0.023536,C,-2351.161584,-14.06512,EXECUTION,2025-09-16
USD,-1.011092,C,-6296.891298,-48.62239,EXECUTION,2025-10-30
USD,-6.951,C,-515.388,-9.339,EXECUTION,2025-08-22
USD,-2.304,C,-171.711,-4.015,EXECUTION,2025-08-22
USD,-1.96455,C,-171.711,-3.62555,EXECUTION,2025-08-22
USD,-0.3588,C,-34.3422,-0.701,EXECUTION,2025-08-22
USD,-1.794,C,-171.711,-3.505,EXECUTION,2025-08-22
USD,-0.7176,C,-68.6844,-1.402,EXECUTION,2025-08-22
USD,-0.3588,C,-34.3932,-0.752,EXECUTION,2025-08-22
USD,-0.3588,C,-34.3932,-0.752,EXECUTION,2025-08-22
USD,-0.44405,C,-34.3932,-0.81725,EXECUTION,2025-08-22
USD,-0.443925,C,-34.3932,-0.827125,EXECUTION,2025-08-22
USD,-0.8881,C,-68.7864,-1.6345,EXECUTION,2025-08-22
USD,-39.65116,C,-2957.81348,-71.74464,EXECUTION,2025-08-22
USD,-2.2378224,C,-166.466403,-3.563425,EXECUTION,2025-08-22
USD,-1.795,C,-171.839301,-3.534301,EXECUTION,2025-08-22
USD,-1.795,C,-171.932498,-3.627498,EXECUTION,2025-08-22
USD,-2.27768,C,-172.106352,-3.784032,EXECUTION,2025-08-22
USD,-1.795,C,-172.055273,-3.750273,EXECUTION,2025-08-22
USD,-1.795,C,-171.972636,-3.667636,EXECUTION,2025-08-22
USD,-1.436,C,-137.502415,-2.858415,EXECUTION,2025-08-22
USD,-2.3118,C,-172.10732,-3.81912,EXECUTION,2025-08-22
USD,-1.795,C,-172.221,-3.916,EXECUTION,2025-08-22
USD,-1.0188,C,-426.0022,-8.021,EXECUTION,2025-09-18
USD,-0.0188,C,-425.078149,-6.096949,EXECUTION,2025-09-18
USD,-0.5188,C,-425.476884,-6.995684,EXECUTION,2025-09-18
USD,-0.5188,C,-425.476884,-6.995684,EXECUTION,2025-09-18
USD,-0.5188,C,-425.476884,-6.995684,EXECUTION,2025-09-18
USD,-0.5188,C,-425.5022,-7.021,EXECUTION,2025-09-18
USD,-0.5188,C,-425.5022,-7.021,EXECUTION,2025-09-18
USD,-0.5188,C,-425.5022,-7.021,EXECUTION,2025-09-18
USD,-0.5188,C,-425.5022,-7.021,EXECUTION,2025-09-18
USD,-0.5188,C,-425.5022,-7.021,EXECUTION,2025-09-18
USD,-0.5188,C,-425.5022,-7.021,EXECUTION,2025-09-18
USD,-0.5188,C,-425.5022,-7.021,EXECUTION,2025-09-18
USD,-0.5188,C,-425.5022,-7.021,EXECUTION,2025-09-18
USD,-0.5188,C,-425.5022,-7.021,EXECUTION,2025-09-18
USD,-0.5188,C,-425.5022,-7.021,EXECUTION,2025-09-18
USD,-0.435792,C,-357.421848,-5.05764,EXECUTION,2025-09-18
USD,-1.0188,C,-406.0022,44.979,EXECUTION,2025-09-22
USD,-0.0188,C,-405.3772,46.604,EXECUTION,2025-09-22
USD,-0.5188,C,-405.3772,47.104,EXECUTION,2025-09-22
USD,-0.5188,C,-405.3772,47.104,EXECUTION,2025-09-22
USD,-0.5188,C,-405.3772,47.104,EXECUTION,2025-09-22
USD,-0.5188,C,-405.5022,46.979,EXECUTION,2025-09-22
USD,-1.0376,C,-811.0044,91.958,EXECUTION,2025-09-22
USD,-0.5188,C,-405.5022,46.979,EXECUTION,2025-09-22
USD,-1.0376,C,-811.0044,93.958,EXECUTION,2025-09-22
USD,-0.5188,C,-405.5022,46.979,EXECUTION,2025-09-22
USD,-0.5188,C,-405.5022,46.979,EXECUTION,2025-09-22
USD,-0.49286,C,-385.22709,44.63005,EXECUTION,2025-09-22
USD,-1.00752,C,-6995.80088,-499.2084,EXECUTION,2025-09-08
USD,-1.110232,C,-6752.774708,-154.12494,EXECUTION,2025-08-01
USD,-1.0193,C,-3104.0286,-8.0479,EXECUTION,2025-08-04
USD,-0.081056,C,-3475.396064,-6.83712,EXECUTION,2025-08-04
USD,-1.011656,C,-5705.621364,135.00698,EXECUTION,2025-08-20
USD,-1.0188,C,-4204.71142,72.26978,EXECUTION,2025-10-20
USD,-0.007708,C,-1723.931682,30.04061,EXECUTION,2025-10-20
USD,-1.027824,C,-5320.643256,-63.23108,EXECUTION,2025-08-06
USD,-1.000564,C,-6061.540066,-418.67063,EXECUTION,2025-08-04
USD,-1.000564,C,-5570.110066,107.82937,EXECUTION,2025-08-13
USD,-1.015792,C,-3099.601848,-67.37764,EXECUTION,2025-07-28
USD,-0.0188,C,-3689.1622,-78.181,EXECUTION,2025-07-28
USD,-0.001128,C,-221.340132,-4.68126,EXECUTION,2025-07-28
USD,-1.02914,C,-4806.00341,-37.68255,EXECUTION,2025-10-31
USD,-1.19324,C,-7101.25506,-25.3483,EXECUTION,2025-10-31
USD,-1.0188,C,-3460.0022,-11.021,EXECUTION,2025-09-08
USD,-0.014852,C,-2732.611738,-7.12659,EXECUTION,2025-09-08
USD,-1.0376,C,-1696.0044,82.958,EXECUTION,2025-10-07
USD,-1.966252,C,-3214.243338,156.89041,EXECUTION,2025-10-07
USD,-1.013912,C,-4981.941628,52.74446,EXECUTION,2025-10-22
USD,-1.5564,C,-2149.5066,194.937,EXECUTION,2025-08-14
USD,-0.513612,C,-709.337178,64.32921,EXECUTION,2025-08-14
USD,-1.0376,C,-1433.0044,129.958,EXECUTION,2025-08-14
USD,-0.020752,C,-28.660088,2.63916,EXECUTION,2025-08-14
USD,-0.02594,C,-35.82511,3.24895,EXECUTION,2025-08-14
USD,-0.498048,C,-687.842112,63.33984,EXECUTION,2025-08-14
USD,-0.5193,C,-716.5022,64.9785,EXECUTION,2025-08-14
USD,-0.5188,C,-716.5022,65.979,EXECUTION,2025-08-14
USD,-1.020492,C,-5236.272398,-66.33289,EXECUTION,2025-08-07
USD,-1.5564,C,-853.5066,50.937,EXECUTION,2025-07-24
USD,-0.5188,C,-284.5022,16.979,EXECUTION,2025-07-24
USD,-1.0376,C,-569.0044,33.958,EXECUTION,2025-07-24
USD,-0.5188,C,-284.5022,16.979,EXECUTION,2025-07-24
USD,-1.0376,C,-569.0044,33.958,EXECUTION,2025-07-24
USD,-0.5188,C,-284.5022,16.979,EXECUTION,2025-07-24
USD,-0.5188,C,-284.5022,16.979,EXECUTION,2025-07-24
USD,-0.5188,C,-284.5022,16.979,EXECUTION,2025-07-24
USD,-0.5188,C,-284.5022,16.979,EXECUTION,2025-07-24
USD,-1.0376,C,-569.0044,33.958,EXECUTION,2025-07-24
USD,-0.5188,C,-284.5022,16.979,EXECUTION,2025-07-24
USD,-0.5188,C,-284.5022,16.979,EXECUTION,2025-07-24
USD,-1.0376,C,-567.0044,35.958,EXECUTION,2025-07-24
USD,-0.5188,C,-283.5022,17.979,EXECUTION,2025-07-24
USD,-0.5188,C,-283.5022,17.979,EXECUTION,2025-07-24
USD,-0.5188,C,-283.5022,17.979,EXECUTION,2025-07-24
USD,-0.05188,C,-28.35022,1.7979,EXECUTION,2025-07-24
USD,-1.01034,C,-2380.95121,56.18845,EXECUTION,2025-08-06
USD,-0.0188,C,-4327.902475,105.078725,EXECUTION,2025-08-06
USD,-1.0188,C,-2900.520335,27.460865,EXECUTION,2025-08-18
USD,-0.017484,C,-2697.483911,26.468605,EXECUTION,2025-08-18
USD,-1.0188,C,-108.5022,-4.521,EXECUTION,2025-08-28
USD,-0.0188,C,-108.5022,-3.521,EXECUTION,2025-08-28
USD,-1.0376,C,-217.0044,-8.042,EXECUTION,2025-08-28
USD,-1.0376,C,-217.0044,-8.042,EXECUTION,2025-08-28
USD,-0.5188,C,-108.5022,-3.021,EXECUTION,2025-08-28
USD,-1.0188,C,-108.5022,-3.521,EXECUTION,2025-08-28
USD,-0.0188,C,-108.5022,-2.521,EXECUTION,2025-08-28
USD,-0.5188,C,-108.5022,-3.021,EXECUTION,2025-08-28
USD,-3.6316,C,-759.5154,-28.147,EXECUTION,2025-08-28
USD,-2.0752,C,-434.0088,-16.084,EXECUTION,2025-08-28
USD,-0.948888,C,89.997996,-4.630892,EXECUTION,2025-07-02
USD,-1.010716,C,-2071.951254,51.42803,EXECUTION,2025-08-26
USD,-0.008084,C,-1563.050946,39.55097,EXECUTION,2025-08-26
USD,-0.010716,C,-2071.381254,52.99803,EXECUTION,2025-08-26
USD,-1.028012,C,-5435.033278,-180.83129,EXECUTION,2025-09-15
USD,-1.0188,C,-5101.0022,-91.021,EXECUTION,2025-08-19
USD,-0.00094,C,-255.35011,-4.80105,EXECUTION,2025-08-19
USD,-1.018612,C,-5066.832178,177.16921,EXECUTION,2025-08-28
USD,-1.0188,C,-5301.0022,-30.021,EXECUTION,2025-09-02
USD,-0.003008,C,-848.000352,-4.48336,EXECUTION,2025-09-02
USD,-1.01974,C,-5272.957482,-49.177222,EXECUTION,2025-09-26
USD,-1.002068,C,-552.40507,-21.887138,EXECUTION,2025-09-30
USD,-1.000308,C,91.986286,-8.414022,EXECUTION,2025-07-02
USD,-1.0376,C,-1359.0044,37.958,EXECUTION,2025-08-21
USD,-1.5564,C,-2038.5066,56.937,EXECUTION,2025-08-21
USD,-1.032412,C,-1352.209378,37.76821,EXECUTION,2025-08-21
USD,-0.5188,C,-679.5022,18.979,EXECUTION,2025-08-21
USD,-0.005188,C,-6.795022,0.18979,EXECUTION,2025-08-21
USD,-2.116704,C,-3066.128976,-20.48568,EXECUTION,2025-08-29
USD,-0.964968,C,-1397.794092,-9.33906,EXECUTION,2025-08-29
USD,-1.0376,C,-1503.0044,-10.042,EXECUTION,2025-08-29
USD,-1.0188,C,-201.5022,38.479,EXECUTION,2025-08-26
USD,-0.0188,C,-201.5022,39.479,EXECUTION,2025-08-26
USD,-0.108948,C,-42.315462,8.18559,EXECUTION,2025-08-26
USD,-2.0752,C,-806.0088,155.916,EXECUTION,2025-08-26
USD,-7.382524,C,-2867.376306,554.67117,EXECUTION,2025-08-26
USD,-0.788576,C,-306.283344,59.24808,EXECUTION,2025-08-26
USD,-3.1128,C,-1209.0132,233.874,EXECUTION,2025-08-26
USD,-1.0376,C,-569.0044,-2.042,EXECUTION,2025-08-22
USD,-2.594,C,-1421.511,-4.105,EXECUTION,2025-08-22
USD,-5.125744,C,-2805.001736,-4.20748,EXECUTION,2025-08-22
USD,-0.5188,C,-283.5022,-0.021,EXECUTION,2025-08-22
USD,-1.0188,C,-942.5022,-1.521,EXECUTION,2025-07-17
USD,-2.036932,C,-4608.835758,-4.49269,EXECUTION,2025-07-17
USD,-7.782,C,-2647.533,-165.315,EXECUTION,2025-09-24
USD,-1.0376,C,-353.0044,-22.042,EXECUTION,2025-09-24
USD,-11.896084,C,-4047.195446,-252.71153,EXECUTION,2025-09-24
USD,-0.5188,C,-176.5022,-11.021,EXECUTION,2025-09-24
USD,-0.041504,C,-14.120176,-0.88168,EXECUTION,2025-09-24
USD,-1.5564,C,-1057.5066,-45.063,EXECUTION,2025-08-15
USD,-0.5188,C,-352.5022,-15.021,EXECUTION,2025-08-15
USD,-2.594,C,-1762.511,-75.105,EXECUTION,2025-08-15
USD,-0.5188,C,-352.5022,-15.021,EXECUTION,2025-08-15
USD,-0.5188,C,-352.5022,-16.021,EXECUTION,2025-08-15
USD,-0.5188,C,-352.5022,-16.021,EXECUTION,2025-08-15
USD,-0.5188,C,-352.5022,-16.021,EXECUTION,2025-08-15
USD,-1.003196,C,-4590.660374,-33.45357,EXECUTION,2025-09-08
USD,-1.0188,C,-869.5022,0.479,EXECUTION,2025-08-07
USD,-1.844976,C,-3930.149944,4.92508,EXECUTION,2025-08-07
USD,-1.0188,C,-1564.0022,47.979,EXECUTION,2025-08-22
USD,-0.0188,C,-1563.0022,49.979,EXECUTION,2025-08-22
USD,-1.0376,C,-3127.0044,97.958,EXECUTION,2025-08-22
USD,-0.451356,C,-1360.246914,42.61173,EXECUTION,2025-08-22
USD,-1.0376,C,-283.0044,-18.042,EXECUTION,2025-08-15
USD,-0.5188,C,-141.5022,-9.021,EXECUTION,2025-08-15
USD,-5.188,C,-1415.022,-90.21,EXECUTION,2025-08-15
USD,-0.5188,C,-141.5022,-9.021,EXECUTION,2025-08-15
USD,-1.0376,C,-283.0044,-18.042,EXECUTION,2025-08-15
USD,-0.5188,C,-141.5022,-9.021,EXECUTION,2025-08-15
USD,-1.0376,C,-283.0044,-18.042,EXECUTION,2025-08-15
USD,-1.0376,C,-283.0044,-18.042,EXECUTION,2025-08-15
USD,-1.0376,C,-283.0044,-18.042,EXECUTION,2025-08-15
USD,-5.649732,C,-1540.958958,-98.23869,EXECUTION,2025-08-15
USD,-1.0193,C,-6136.0022,-90.0215,EXECUTION,2025-07-11
USD,-0.000564,C,-184.050066,-2.64063,EXECUTION,2025-07-11
USD,-1.00564,C,-4786.30066,186.6937,EXECUTION,2025-08-14
USD,-1.0188,C,-665.0022,4.979,EXECUTION,2025-10-02
USD,-1.0564,C,-1996.0066,15.937,EXECUTION,2025-10-02
USD,-0.5188,C,-665.5022,4.979,EXECUTION,2025-10-02
USD,-0.5188,C,-665.5022,4.979,EXECUTION,2025-10-02
USD,-0.108948,C,-139.755462,1.04559,EXECUTION,2025-10-02
USD,-0.005188,C,-6.655022,0.03979,EXECUTION,2025-10-02
USD,-0.5188,C,-665.5022,4.979,EXECUTION,2025-10-02
USD,-1.0376,C,-3587.0044,129.958,EXECUTION,2025-11-03
USD,-0.394288,C,-1363.061672,49.38404,EXECUTION,2025-11-03
USD,-0.865354,C,80.317384,-7.06797,EXECUTION,2025-07-02
USD,-1.566776,C,-5739.516644,-335.28342,EXECUTION,2025-07-09
USD,-1.002068,C,-186.670242,13.84769,EXECUTION,2025-11-03
USD,-0.0926,C,-3393.0106,270.8968,EXECUTION,2025-11-03
USD,-0.373536,C,-1221.420384,97.24608,EXECUTION,2025-11-03
USD,-1.029892,C,-5030.323498,88.44661,EXECUTION,2025-07-21
USD,-1.016732,C,-5591.981958,386.02131,EXECUTION,2025-11-04
USD,-1.0188,C,-1947.0022,30.979,EXECUTION,2025-07-22
USD,-0.0188,C,-1946.06595,32.91525,EXECUTION,2025-07-22
USD,-0.44098,C,-1654.46312,27.2459,EXECUTION,2025-07-22
USD,-1.32294,C,-4832.68061,-98.65355,EXECUTION,2025-08-04
USD,-1.0376,C,-3687.0044,61.958,EXECUTION,2025-08-05
USD,-0.80414,C,-2857.42841,49.56745,EXECUTION,2025-08-05
USD,-1.0188,C,-1036.0022,21.979,EXECUTION,2025-08-22
USD,-0.5376,C,-2070.5044,46.958,EXECUTION,2025-08-22
USD,-0.5188,C,-1035.5022,22.979,EXECUTION,2025-08-22
USD,-0.5188,C,-1035.5022,21.979,EXECUTION,2025-08-22
USD,-0.5188,C,-1035.5022,22.979,EXECUTION,2025-08-22
USD,-0.2594,C,-517.7511,11.4895,EXECUTION,2025-08-22
USD,-1.010716,C,-609.046254,11.81303,EXECUTION,2025-10-22
USD,-1.879,C,-5342.511,110.61,EXECUTION,2025-10-22
USD,-1.0188,C,-490.0022,-1.021,EXECUTION,2025-08-15
USD,-0.0188,C,-489.0022,0.979,EXECUTION,2025-08-15
USD,-0.5188,C,-489.5022,-0.021,EXECUTION,2025-08-15
USD,-0.5188,C,-489.5022,-0.021,EXECUTION,2025-08-15
USD,-2.0752,C,-1958.0088,-0.084,EXECUTION,2025-08-15
USD,-0.5188,C,-489.5022,-0.021,EXECUTION,2025-08-15
USD,-0.5188,C,-489.5022,-0.021,EXECUTION,2025-08-15
USD,-0.5188,C,-489.5022,-0.021,EXECUTION,2025-08-15
USD,-0.07782,C,-73.42533,-0.00315,EXECUTION,2025-08-15
USD,-1.01316,C,-446.25154,14.7353,EXECUTION,2025-09-22
USD,-1.4252,C,-2550.0088,88.566,EXECUTION,2025-09-22
USD,-1.5564,C,-1912.5066,65.937,EXECUTION,2025-09-22
USD,-1.0188,C,-633.5022,-14.521,EXECUTION,2025-10-14
USD,-0.0188,C,-633.5022,-13.521,EXECUTION,2025-10-14
USD,-0.5188,C,-633.5022,-14.021,EXECUTION,2025-10-14
USD,-0.5188,C,-633.5022,-14.021,EXECUTION,2025-10-14
USD,-0.5188,C,-633.5022,-14.021,EXECUTION,2025-10-14
USD,-1.0376,C,-1267.0044,-28.042,EXECUTION,2025-10-14
USD,-0.498048,C,-608.162112,-13.46016,EXECUTION,2025-10-14
USD,-1.0188,C,-1539.0022,49.979,EXECUTION,2025-08-26
USD,-0.0188,C,-1538.0022,46.979,EXECUTION,2025-08-26
USD,-0.5188,C,-1538.5022,50.979,EXECUTION,2025-08-26
USD,-1.0188,C,-89.8922,-6.771,EXECUTION,2025-08-01
USD,-1.047976,C,-8218.374444,1.97758,EXECUTION,2025-08-14
USD,-1.018424,C,-3987.622156,-0.04058,EXECUTION,2025-08-14
USD,-0.007144,C,-1545.860836,0.73202,EXECUTION,2025-08-14
USD,-1.0188,C,-3935.0022,160.979,EXECUTION,2025-08-26
USD,-0.055116,C,-4209.417354,174.31753,EXECUTION,2025-08-26
USD,-1.031584,C,-5471.083696,-55.79528,EXECUTION,2025-09-02
USD,-1.001692,C,-5829.660198,64.33811,EXECUTION,2025-08-13
USD,-1.001692,C,-5832.340198,498.15811,EXECUTION,2025-08-15
USD,-1.001692,C,-6285.250198,13.74811,EXECUTION,2025-08-18
USD,-1.014475,C,-2230.00165,45.233875,EXECUTION,2025-08-12
USD,-0.0188,C,-2972.1897,62.7915,EXECUTION,2025-08-12
USD,-0.3938,C,-2972.1897,62.4165,EXECUTION,2025-08-12
USD,-1.01316,C,-2081.40154,42.0853,EXECUTION,2025-08-12
USD,-0.0188,C,-2972.0022,62.979,EXECUTION,2025-08-12
USD,-0.3688,C,-2972.3522,62.279,EXECUTION,2025-08-12
USD,-1.0376,C,-2079.0049,-50.0425,EXECUTION,2025-08-15
USD,-0.5188,C,-1039.5022,-25.021,EXECUTION,2025-08-15
USD,-0.108948,C,-218.295462,-5.25441,EXECUTION,2025-08-15
USD,-0.326844,C,-654.886386,-15.76323,EXECUTION,2025-08-15
USD,-0.5188,C,-1039.5022,-25.021,EXECUTION,2025-08-15
USD,-1.27106,C,-7138.08039,315.99855,EXECUTION,2025-08-05
USD,-1.035344,C,-5680.484136,-18.95948,EXECUTION,2025-08-07
USD,-1.0188,C,-3260.0022,-14.021,EXECUTION,2025-08-28
USD,-0.01222,C,-2118.35143,-11.71365,EXECUTION,2025-08-28
USD,-1.0188,C,-3224.623318,-21.642118,EXECUTION,2025-09-22
USD,-0.011468,C,-1967.020224,-12.591692,EXECUTION,2025-09-22
USD,-1.0188,C,-1177.0022,171.979,EXECUTION,2025-10-09
USD,-0.0188,C,-1200.0022,149.979,EXECUTION,2025-10-09
USD,-0.5188,C,-1216.5022,132.979,EXECUTION,2025-10-09
USD,-1.00376,C,-330.30044,-0.9042,EXECUTION,2025-08-22
USD,-0.0188,C,-1651.5022,0.479,EXECUTION,2025-08-22
USD,-0.1188,C,-1651.5022,0.379,EXECUTION,2025-08-22
USD,-0.02594,C,-82.57511,-0.00105,EXECUTION,2025-08-22
USD,-0.5188,C,-1651.5022,-0.021,EXECUTION,2025-08-22
USD,-3.1128,C,-1839.0132,-156.126,EXECUTION,2025-08-12
USD,-0.5188,C,-306.5022,-26.021,EXECUTION,2025-08-12
USD,-3.1128,C,-1839.0132,-156.126,EXECUTION,2025-08-12
USD,-0.5188,C,-306.5022,-26.021,EXECUTION,2025-08-12
USD,-5.281384,C,-3120.192396,-264.89378,EXECUTION,2025-08-12
USD,-0.20752,C,-122.60088,-10.4084,EXECUTION,2025-08-12
USD,-1.0188,C,-280.5022,20.479,EXECUTION,2025-08-13
USD,-1.466252,C,-1063.103338,80.01041,EXECUTION,2025-08-13
USD,-1.0376,C,-561.0044,41.958,EXECUTION,2025-08-13
USD,-1.665348,C,-900.412062,67.34259,EXECUTION,2025-08-13
USD,-0.5188,C,-280.5022,20.979,EXECUTION,2025-08-13
USD,-2.0752,C,-1122.0088,83.916,EXECUTION,2025-08-13
USD,-0.5188,C,-280.5022,20.979,EXECUTION,2025-08-13
USD,-1.364444,C,-737.720786,55.17477,EXECUTION,2025-08-13
USD,-0.5188,C,-280.5022,20.979,EXECUTION,2025-08-13
USD,-2.679588,C,-1447.391352,108.24906,EXECUTION,2025-08-13
USD,-1.53046,C,-933.68149,8.78805,EXECUTION,2025-08-21
USD,-6.7444,C,-4114.5286,38.727,EXECUTION,2025-08-21
USD,-2.0752,C,-1266.0088,11.916,EXECUTION,2025-08-21
USD,-0.072632,C,-44.310308,0.41706,EXECUTION,2025-08-21
USD,-2.25678,C,-4177.83457,156.85865,EXECUTION,2025-09-29
USD,-1.0376,C,-1919.0044,73.958,EXECUTION,2025-09-29
USD,-0.046692,C,-86.355198,3.32811,EXECUTION,2025-09-29
USD,-1.030832,C,-257.083608,27.24556,EXECUTION,2025-08-26
USD,-0.3388,C,-156.3772,17.284,EXECUTION,2025-08-26
USD,-0.5188,C,-156.3772,17.104,EXECUTION,2025-08-26
USD,-0.5188,C,-156.3772,17.104,EXECUTION,2025-08-26
USD,-1.0376,C,-312.9594,34.003,EXECUTION,2025-08-26
USD,-9.8572,C,-2973.5423,322.6005,EXECUTION,2025-08-26
USD,-1.5564,C,-469.5066,50.937,EXECUTION,2025-08-26
USD,-5.188,C,-1565.022,169.79,EXECUTION,2025-08-26
USD,-0.5188,C,-156.5022,16.979,EXECUTION,2025-08-26
USD,-0.5188,C,-156.5022,16.979,EXECUTION,2025-08-26
USD,-0.5188,C,-156.5022,16.979,EXECUTION,2025-08-26
USD,-1.0376,C,-3403.0044,-2.042,EXECUTION,2025-09-10
USD,-0.5188,C,-1701.5022,-0.021,EXECUTION,2025-09-10
USD,-0.005188,C,-17.015022,-0.02021,EXECUTION,2025-09-10
USD,-1.0188,C,-971.0022,89.979,EXECUTION,2025-10-13
USD,-0.012032,C,-621.014741,58.653227,EXECUTION,2025-10-13
USD,-0.8576,C,-1940.777733,182.364667,EXECUTION,2025-10-13
USD,-0.5188,C,-970.5022,91.979,EXECUTION,2025-10-13
USD,-0.5188,C,-970.5022,90.979,EXECUTION,2025-10-13
USD,-0.5188,C,-970.335533,91.145667,EXECUTION,2025-10-13
USD,-1.012784,C,-2514.292171,89.095045,EXECUTION,2025-09-11
USD,-0.0188,C,-3696.0197,133.9615,EXECUTION,2025-09-11
USD,-0.042332,C,-1441.447683,52.209985,EXECUTION,2025-09-11
USD,-1.0188,C,-2205.0598,-45.0786,EXECUTION,2025-09-10
USD,-0.0188,C,-2204.0922,-43.111,EXECUTION,2025-09-10
USD,-0.186768,C,-793.473192,-16.05996,EXECUTION,2025-09-10
USD,-1.008272,C,-6888.760968,-64.92924,EXECUTION,2025-08-11
USD,-1.01598,C,-2352.411329,-60.977309,EXECUTION,2025-08-01
USD,-0.0188,C,-2767.542741,-70.561541,EXECUTION,2025-08-01
USD,-1.03666,C,-5786.65429,-175.59095,EXECUTION,2025-10-30
USD,-1.001692,C,-5035.960198,69.00811,EXECUTION,2025-07-31
USD,-1.00188,C,-4979.90035,21.69777,EXECUTION,2025-07-09
USD,-1.0376,C,-581.0044,13.958,EXECUTION,2025-08-26
USD,-1.5564,C,-871.5066,20.937,EXECUTION,2025-08-26
USD,-1.025004,C,-5013.772926,-112.41793,EXECUTION,2025-09-02
USD,-1.003384,C,-6786.460396,26.25622,EXECUTION,2025-08-11
USD,-1.0188,C,-2473.0526,78.9286,EXECUTION,2025-07-10
USD,-0.0188,C,-2472.0722,80.909,EXECUTION,2025-07-10
USD,-0.176392,C,-840.530348,27.31326,EXECUTION,2025-07-10
USD,-20.352524,C,-4489.691306,-312.43383,EXECUTION,2025-08-28
USD,-4.549876,C,-1000.514294,-66.67417,EXECUTION,2025-08-28
USD,-2.713324,C,-593.616506,-36.71983,EXECUTION,2025-08-28
USD,-1.0376,C,-3739.0044,-178.042,EXECUTION,2025-07-30
USD,-0.5188,C,-1868.5022,-90.021,EXECUTION,2025-07-30
USD,-0.036316,C,-130.795154,-6.30147,EXECUTION,2025-07-30
USD,-1.0188,C,-1797.0022,26.979,EXECUTION,2025-08-14
USD,-0.5376,C,-3592.5044,56.958,EXECUTION,2025-08-14
USD,-0.145264,C,-503.020616,7.83412,EXECUTION,2025-08-14
USD,-0.010376,C,-35.930044,0.55958,EXECUTION,2025-08-14
USD,-1.0188,C,-1858.5022,-10.521,EXECUTION,2025-09-17
USD,-0.00188,C,-185.85022,-0.2521,EXECUTION,2025-09-17
USD,-0.000188,C,-18.585022,-0.06521,EXECUTION,2025-09-17
USD,-0.0738,C,-1858.5022,-2.576,EXECUTION,2025-09-17
USD,-0.5188,C,-1858.5022,-3.021,EXECUTION,2025-09-17
USD,-1.0376,C,-3665.0044,-44.042,EXECUTION,2025-10-31
USD,-0.223084,C,-787.975946,-9.46903,EXECUTION,2025-10-31
USD,-0.409852,C,-1447.676738,-17.39659,EXECUTION,2025-10-31
USD,-1.0188,C,-2787.0022,500.979,EXECUTION,2025-07-18
USD,-0.0188,C,-2786.0022,503.979,EXECUTION,2025-07-18
USD,-0.119324,C,-640.895506,115.68517,EXECUTION,2025-07-18
USD,-1.0188,C,-2762.551651,221.429549,EXECUTION,2025-07-23
USD,-0.015416,C,-2265.292353,182.392231,EXECUTION,2025-07-23
USD,-1.0188,C,-581.5022,-6.521,EXECUTION,2025-08-11
USD,-0.5376,C,-1163.0044,-11.542,EXECUTION,2025-08-11
USD,-0.5188,C,-581.5022,-6.021,EXECUTION,2025-08-11
USD,-0.5188,C,-581.5022,-6.021,EXECUTION,2025-08-11
USD,-2.874152,C,-3221.522188,-33.35634,EXECUTION,2025-08-11
USD,-0.114136,C,-127.930484,-1.32462,EXECUTION,2025-08-11
USD,-1.0188,C,-677.5022,18.479,EXECUTION,2025-09-23
USD,-2.094,C,-3387.511,95.395,EXECUTION,2025-09-23
USD,-0.264588,C,-345.526122,9.67929,EXECUTION,2025-09-23
USD,-0.5188,C,-677.5022,18.979,EXECUTION,2025-09-23
USD,-1.011092,C,-249.276298,16.39261,EXECUTION,2025-07-07
USD,-4.483,C,-4225.022,290.495,EXECUTION,2025-07-07
USD,-1.37482,C,-4951.53083,-87.50565,EXECUTION,2025-07-31
USD,-2.0752,C,-1442.0088,-8.084,EXECUTION,2025-07-10
USD,-0.5188,C,-360.5022,-2.021,EXECUTION,2025-07-10
USD,-0.5188,C,-360.5022,-3.021,EXECUTION,2025-07-10
USD,-1.5564,C,-1079.5066,-7.063,EXECUTION,2025-07-10
USD,-0.5188,C,-360.5022,-2.021,EXECUTION,2025-07-10
USD,-0.5188,C,-360.5022,-2.021,EXECUTION,2025-07-10
USD,-1.5564,C,-1081.5066,-9.063,EXECUTION,2025-07-10
USD,-0.5188,C,-360.5022,-3.021,EXECUTION,2025-07-10
USD,-0.5188,C,-360.5022,-2.021,EXECUTION,2025-07-10
USD,-0.326844,C,-229.636386,-4.42323,EXECUTION,2025-07-10
USD,-1.0376,C,-765.0044,5.958,EXECUTION,2025-07-17
USD,-0.5188,C,-382.5022,1.979,EXECUTION,2025-07-17
USD,-1.5564,C,-1141.5066,14.937,EXECUTION,2025-07-17
USD,-1.0376,C,-761.0044,169.958,EXECUTION,2025-09-12
USD,-0.5188,C,-380.5022,86.979,EXECUTION,2025-09-12
USD,-0.5188,C,-383.5022,81.979,EXECUTION,2025-09-12
USD,-1.0376,C,-767.0044,163.958,EXECUTION,2025-09-12
USD,-0.5188,C,-383.5022,83.979,EXECUTION,2025-09-12
USD,-0.124512,C,-92.040528,20.39496,EXECUTION,2025-09-12
USD,-1.177676,C,-2657.039994,-54.52767,EXECUTION,2025-08-11
USD,-1.0376,C,-2341.0044,-48.042,EXECUTION,2025-08-11
USD,-1.0376,C,-291.007,7.9554,EXECUTION,2025-07-02
USD,-2.0752,C,-582.014,15.9108,EXECUTION,2025-07-02
USD,-1.5564,C,-436.5105,11.9331,EXECUTION,2025-07-02
USD,-1.0188,C,-458.5022,1.479,EXECUTION,2025-07-15
USD,-1.0564,C,-1375.5066,6.437,EXECUTION,2025-07-15
USD,-1.5564,C,-1375.5066,5.937,EXECUTION,2025-07-15
USD,-2.381292,C,-2104.525098,9.08361,EXECUTION,2025-07-15
USD,-1.017108,C,-1155.703185,133.659707,EXECUTION,2025-07-02
USD,-1.5564,C,-799.5066,-24.063,EXECUTION,2025-08-07
USD,-0.5188,C,-266.5022,-8.021,EXECUTION,2025-08-07
USD,-0.5188,C,-266.5022,-8.021,EXECUTION,2025-08-07
USD,-1.5564,C,-799.5066,-24.063,EXECUTION,2025-08-07
USD,-0.5188,C,-266.5022,-8.021,EXECUTION,2025-08-07
USD,-0.5188,C,-266.5022,-8.021,EXECUTION,2025-08-07
USD,-3.1128,C,-1599.0132,-48.126,EXECUTION,2025-08-07
USD,-2.0752,C,-1066.0088,-32.084,EXECUTION,2025-08-07
USD,-0.5188,C,-266.5027,-8.0215,EXECUTION,2025-08-07
USD,-1.5564,C,-733.5066,-36.063,EXECUTION,2025-09-24
USD,-0.5188,C,-244.5022,-12.021,EXECUTION,2025-09-24
USD,-1.0376,C,-489.0044,-24.042,EXECUTION,2025-09-24
USD,-1.5564,C,-733.5066,-36.063,EXECUTION,2025-09-24
USD,-0.5188,C,-244.5022,-12.021,EXECUTION,2025-09-24
USD,-1.0376,C,-489.0044,-24.042,EXECUTION,2025-09-24
USD,-0.5188,C,-244.5022,-12.021,EXECUTION,2025-09-24
USD,-0.5188,C,-244.5022,-12.021,EXECUTION,2025-09-24
USD,-2.594,C,-1222.511,-50.105,EXECUTION,2025-09-24
USD,-0.5188,C,-244.5022,-12.021,EXECUTION,2025-09-24
USD,-0.176392,C,-83.130748,-3.40714,EXECUTION,2025-09-24
USD,-1.5564,C,-733.5066,-36.063,EXECUTION,2025-09-24
USD,-0.5188,C,-244.5022,-10.021,EXECUTION,2025-09-24
USD,-1.5564,C,-736.7566,170.687,EXECUTION,2025-09-19
USD,-0.5188,C,-245.3772,57.104,EXECUTION,2025-09-19
USD,-0.5188,C,-245.3772,60.104,EXECUTION,2025-09-19
USD,-0.5188,C,-245.5022,58.979,EXECUTION,2025-09-19
USD,-0.5188,C,-245.5022,56.979,EXECUTION,2025-09-19
USD,-0.5188,C,-245.5022,58.979,EXECUTION,2025-09-19
USD,-0.5188,C,-245.5022,61.979,EXECUTION,2025-09-19
USD,-0.5188,C,-245.5022,61.979,EXECUTION,2025-09-19
USD,-0.5188,C,-245.5022,56.979,EXECUTION,2025-09-19
USD,-0.5188,C,-245.5022,61.979,EXECUTION,2025-09-19
USD,-0.5188,C,-245.5022,61.979,EXECUTION,2025-09-19
USD,-0.5188,C,-244.5022,57.979,EXECUTION,2025-09-19
USD,-0.5188,C,-244.5022,59.979,EXECUTION,2025-09-19
USD,-0.5188,C,-244.7022,62.779,EXECUTION,2025-09-19
USD,-2.0752,C,-982.0088,227.916,EXECUTION,2025-09-19
USD,-1.0376,C,-491.0044,113.958,EXECUTION,2025-09-19
USD,-0.5188,C,-245.5022,56.979,EXECUTION,2025-09-19
USD,-1.0376,C,-491.0044,113.958,EXECUTION,2025-09-19
USD,-0.5188,C,-245.5022,56.979,EXECUTION,2025-09-19
USD,-0.5188,C,-245.5022,56.979,EXECUTION,2025-09-19
USD,-0.5188,C,-244.7022,57.779,EXECUTION,2025-09-19
USD,-0.5188,C,-245.3022,57.179,EXECUTION,2025-09-19
USD,-1.5066,C,922.4436,26.937,EXECUTION,2025-09-22
USD,-1.5066,C,922.4436,26.937,EXECUTION,2025-09-22
USD,-0.5022,C,307.4812,8.979,EXECUTION,2025-09-22
USD,-1.5066,C,922.4436,26.937,EXECUTION,2025-09-22
USD,-2.0088,C,1229.9248,35.916,EXECUTION,2025-09-22
USD,-0.5022,C,307.4812,8.979,EXECUTION,2025-09-22
USD,-1.5066,C,922.4436,29.937,EXECUTION,2025-09-22
USD,-1.888272,C,1153.929312,35.32104,EXECUTION,2025-09-22
USD,-1.035908,C,-2568.044202,-0.13011,EXECUTION,2025-09-19
USD,-0.4738,C,-1344.4572,0.069,EXECUTION,2025-09-19
USD,-0.5188,C,-1344.5022,-0.021,EXECUTION,2025-09-19
USD,-1.0188,C,-1085.0022,57.979,EXECUTION,2025-07-10
USD,-0.0188,C,-1084.0022,59.979,EXECUTION,2025-07-10
USD,-1.0376,C,-2169.0044,115.958,EXECUTION,2025-07-10
USD,-0.2594,C,-542.2511,28.9895,EXECUTION,2025-07-10
USD,-1.0188,C,-650.5022,-7.521,EXECUTION,2025-07-22
USD,-0.0188,C,-650.5022,-5.521,EXECUTION,2025-07-22
USD,-0.5188,C,-650.5022,-6.021,EXECUTION,2025-07-22
USD,-0.5188,C,-650.5022,-6.021,EXECUTION,2025-07-22
USD,-0.5188,C,-650.5022,-6.021,EXECUTION,2025-07-22
USD,-0.5188,C,-650.5022,-6.021,EXECUTION,2025-07-22
USD,-0.477296,C,-598.462024,-5.53932,EXECUTION,2025-07-22
USD,-0.5188,C,-650.5022,-6.021,EXECUTION,2025-07-22
USD,-3.1128,C,-1401.0132,-0.126,EXECUTION,2025-08-22
USD,-1.5564,C,-700.5066,-0.063,EXECUTION,2025-08-22
USD,-1.5564,C,-700.5066,-0.063,EXECUTION,2025-08-22
USD,-1.5564,C,-700.5066,-0.063,EXECUTION,2025-08-22
USD,-1.5564,C,-700.5066,-0.063,EXECUTION,2025-08-22
USD,-0.638124,C,-287.207706,-0.02583,EXECUTION,2025-08-22
USD,-0.5188,C,-233.5022,-0.021,EXECUTION,2025-08-22
USD,-0.5188,C,-233.5022,-0.021,EXECUTION,2025-08-22
USD,-0.534364,C,-240.507266,-0.02163,EXECUTION,2025-08-22
USD,-1.005452,C,-6903.000638,-222.98609,EXECUTION,2025-07-14
USD,-1.003384,C,-235.080396,16.63622,EXECUTION,2025-08-13
USD,-0.0188,C,-1305.8222,98.159,EXECUTION,2025-08-13
USD,-0.1088,C,-1305.1722,98.719,EXECUTION,2025-08-13
USD,-0.5188,C,-1305.4222,98.059,EXECUTION,2025-08-13
USD,-0.2594,C,-652.7511,48.9895,EXECUTION,2025-08-13
USD,-1.032524,C,-5106.233806,-240.77633,EXECUTION,2025-08-01
USD,-1.020492,C,-351.982398,27.40711,EXECUTION,2025-07-22
USD,-0.017108,C,-293.022002,24.55089,EXECUTION,2025-07-22
USD,-0.5188,C,-321.5022,26.979,EXECUTION,2025-07-22
USD,-0.5188,C,-322.5022,25.979,EXECUTION,2025-07-22
USD,-0.5188,C,-321.5022,26.979,EXECUTION,2025-07-22
USD,-0.5188,C,-321.5022,26.979,EXECUTION,2025-07-22
USD,-1.5564,C,-963.5066,81.937,EXECUTION,2025-07-22
USD,-0.5188,C,-321.5022,24.979,EXECUTION,2025-07-22
USD,-0.5188,C,-321.5022,24.979,EXECUTION,2025-07-22
USD,-1.0376,C,-642.0044,50.958,EXECUTION,2025-07-22
USD,-0.5188,C,-320.5022,25.979,EXECUTION,2025-07-22
USD,-0.5188,C,-320.5022,25.979,EXECUTION,2025-07-22
USD,-0.5188,C,-320.5022,25.979,EXECUTION,2025-07-22
USD,-0.5188,C,-320.5022,25.979,EXECUTION,2025-07-22
USD,-1.0376,C,-641.0049,51.9575,EXECUTION,2025-07-22
USD,-0.565492,C,-349.347443,28.317065,EXECUTION,2025-07-22
USD,-0.5188,C,-320.5027,25.9785,EXECUTION,2025-07-22
USD,-1.0188,C,-349.0022,15.979,EXECUTION,2025-07-23
USD,-0.0188,C,-348.0022,17.979,EXECUTION,2025-07-23
USD,-0.5188,C,-348.5022,16.979,EXECUTION,2025-07-23
USD,-0.5188,C,-347.5022,17.979,EXECUTION,2025-07-23
USD,-0.5188,C,-347.5022,17.979,EXECUTION,2025-07-23
USD,-1.0376,C,-696.0044,34.958,EXECUTION,2025-07-23
USD,-2.0752,C,-1394.0088,67.916,EXECUTION,2025-07-23
USD,-0.5188,C,-348.5022,16.979,EXECUTION,2025-07-23
USD,-0.5188,C,-348.5022,16.979,EXECUTION,2025-07-23
USD,-0.5188,C,-348.5022,16.979,EXECUTION,2025-07-23
USD,-0.861208,C,-575.193652,31.50514,EXECUTION,2025-07-23
USD,-1.0188,C,-365.5022,-48.521,EXECUTION,2025-07-30
USD,-0.0188,C,-365.5022,-47.521,EXECUTION,2025-07-30
USD,-0.5188,C,-365.5022,-48.021,EXECUTION,2025-07-30
USD,-0.5188,C,-365.5022,-48.021,EXECUTION,2025-07-30
USD,-0.5188,C,-365.5022,-48.021,EXECUTION,2025-07-30
USD,-1.0376,C,-731.0044,-96.042,EXECUTION,2025-07-30
USD,-0.5188,C,-365.5022,-48.021,EXECUTION,2025-07-30
USD,-0.5188,C,-365.5022,-48.021,EXECUTION,2025-07-30
USD,-0.5188,C,-365.5022,-48.021,EXECUTION,2025-07-30
USD,-3.097236,C,-2182.048134,-286.68537,EXECUTION,2025-07-30
USD,-1.0188,C,-330.5022,-11.521,EXECUTION,2025-08-06
USD,-1.5752,C,-1322.0088,-43.584,EXECUTION,2025-08-06
USD,-2.0752,C,-1322.0088,-44.084,EXECUTION,2025-08-06
USD,-1.0376,C,-661.0044,-20.042,EXECUTION,2025-08-06
USD,-2.0752,C,-1322.0088,-40.084,EXECUTION,2025-08-06
USD,-0.5188,C,-330.5022,-10.021,EXECUTION,2025-08-06
USD,-0.5188,C,-330.5022,-10.021,EXECUTION,2025-08-06
USD,-1.0376,C,-661.0044,-18.042,EXECUTION,2025-08-06
USD,-0.5188,C,-330.5022,-10.021,EXECUTION,2025-08-06
USD,-0.264588,C,-168.556122,-5.11071,EXECUTION,2025-08-06
USD,-1.5564,C,-991.5066,-30.063,EXECUTION,2025-08-06
USD,-1.0188,C,-325.0022,-17.021,EXECUTION,2025-08-18
USD,-0.0188,C,-324.0022,-15.021,EXECUTION,2025-08-18
USD,-1.5564,C,-973.5066,-48.063,EXECUTION,2025-08-18
USD,-0.5188,C,-324.5022,-16.021,EXECUTION,2025-08-18
USD,-0.5188,C,-324.5022,-16.021,EXECUTION,2025-08-18
USD,-1.5564,C,-973.5066,-48.063,EXECUTION,2025-08-18
USD,-0.5188,C,-324.5022,-17.021,EXECUTION,2025-08-18
USD,-0.5188,C,-324.5022,-17.021,EXECUTION,2025-08-18
USD,-0.5188,C,-324.5022,-17.021,EXECUTION,2025-08-18
USD,-0.5188,C,-324.5022,-17.021,EXECUTION,2025-08-18
USD,-0.5188,C,-324.5022,-17.021,EXECUTION,2025-08-18
USD,-0.5188,C,-324.5022,-17.021,EXECUTION,2025-08-18
USD,-0.5188,C,-324.5022,-17.021,EXECUTION,2025-08-18
USD,-0.5188,C,-324.5022,-17.021,EXECUTION,2025-08-18
USD,-0.5188,C,-324.5022,-17.021,EXECUTION,2025-08-18
USD,-0.5188,C,-324.5022,-17.021,EXECUTION,2025-08-18
USD,-0.539552,C,-337.482288,-17.70184,EXECUTION,2025-08-18
USD,-1.020116,C,-5155.192354,-14.86247,EXECUTION,2025-09-16
USD,-1.613468,C,-4648.062614,-152.616082,EXECUTION,2025-09-16
USD,-0.5188,C,-1494.341428,-48.860228,EXECUTION,2025-09-16
USD,-1.0188,C,-2197.0022,-31.021,EXECUTION,2025-08-14
USD,-0.0188,C,-2196.0022,-28.021,EXECUTION,2025-08-14
USD,-0.098572,C,-417.335418,-5.51399,EXECUTION,2025-08-14
USD,-1.0188,C,-2057.0022,-149.021,EXECUTION,2025-08-19
USD,-0.0188,C,-2056.0022,-147.021,EXECUTION,2025-08-19
USD,-0.456544,C,-1807.081936,-127.61848,EXECUTION,2025-08-19
USD,-1.034404,C,-7330.154026,29.07157,EXECUTION,2025-08-06
USD,-1.0188,C,-776.737494,21.243706,EXECUTION,2025-10-14
USD,-0.5376,C,-1552.769106,44.693294,EXECUTION,2025-10-14
USD,-0.5188,C,-776.5022,21.979,EXECUTION,2025-10-14
USD,-0.5188,C,-776.5022,21.979,EXECUTION,2025-10-14
USD,-1.224368,C,-1832.545192,51.87044,EXECUTION,2025-10-14
USD,-1.0376,C,-2455.0044,-92.042,EXECUTION,2025-07-31
USD,-0.5188,C,-1227.5022,-46.021,EXECUTION,2025-07-31
USD,-0.15564,C,-368.25081,-13.80645,EXECUTION,2025-07-31
USD,-0.5193,C,-1227.50255,-46.02185,EXECUTION,2025-07-31
USD,-1.0376,C,-2455.0044,-90.042,EXECUTION,2025-07-31
USD,-1.5564,C,-3628.5066,2.937,EXECUTION,2025-09-29
USD,-1.0376,C,-2419.0044,1.958,EXECUTION,2025-09-29
USD,-0.18158,C,-423.32577,0.34265,EXECUTION,2025-09-29
USD,-1.009588,C,-648.466122,-34.92571,EXECUTION,2025-10-31
USD,-1.849,C,-6357.511,-334.36,EXECUTION,2025-10-31
USD,-0.5188,C,-1271.5022,-67.021,EXECUTION,2025-10-31
USD,-0.020752,C,-50.860088,-2.68084,EXECUTION,2025-10-31
USD,-1.0188,C,-1621.0022,-107.021,EXECUTION,2025-08-19
USD,-0.0188,C,-1618.0022,-103.021,EXECUTION,2025-08-19
USD,-0.5188,C,-1618.5027,-104.0215,EXECUTION,2025-08-19
USD,-0.290528,C,-885.456232,-37.34676,EXECUTION,2025-08-19
USD,-1.012032,C,-5691.881408,-161.37344,EXECUTION,2025-08-04
USD,-1.01786,C,-4751.95209,23.63005,EXECUTION,2025-07-28
USD,-6.220412,C,-2583.871378,-72.19179,EXECUTION,2025-09-10
USD,-0.5188,C,-215.5022,-6.021,EXECUTION,2025-09-10
USD,-1.0376,C,-431.0044,-12.042,EXECUTION,2025-09-10
USD,-6.785904,C,-2818.768776,-78.75468,EXECUTION,2025-09-10
USD,-0.213416,C,-18.550154,0.34643,EXECUTION,2025-10-01
USD,-9.1613,C,-4761.0046,143.8341,EXECUTION,2025-10-01
USD,-0.5188,C,-264.5022,7.979,EXECUTION,2025-10-01
USD,-1.011468,C,-7360.041342,-27.02281,EXECUTION,2025-08-06
USD,-1.010904,C,-7165.161276,-99.45218,EXECUTION,2025-08-19
USD,-1.010152,C,-3681.64189,250.167958,EXECUTION,2025-07-02
USD,-4.679576,C,-4965.529844,-0.18942,EXECUTION,2025-09-19
USD,-1.5564,C,-571.5066,-141.063,EXECUTION,2025-10-30
USD,-4.6692,C,-1714.5198,-423.189,EXECUTION,2025-10-30
USD,-5.188,C,-1905.022,-470.21,EXECUTION,2025-10-30
USD,-1.5564,C,-571.5066,-141.063,EXECUTION,2025-10-30
USD,-0.274964,C,-100.966166,-24.92113,EXECUTION,2025-10-30
USD,-1.0376,C,-531.0057,-14.0433,EXECUTION,2025-10-21
USD,-2.594,C,-1707.511,-80.105,EXECUTION,2025-09-02
USD,-0.5188,C,-341.5022,-16.021,EXECUTION,2025-09-02
USD,-2.604376,C,-1714.341044,-80.42542,EXECUTION,2025-09-02
USD,-1.5564,C,-1024.5066,-48.063,EXECUTION,2025-09-02
USD,-1.5564,C,-1024.5066,-48.063,EXECUTION,2025-09-02
USD,-2.0752,C,-1366.0088,-64.084,EXECUTION,2025-09-02
USD,-0.446168,C,-293.691892,-13.77806,EXECUTION,2025-09-02
USD,-1.0188,C,-945.03356,-52.05236,EXECUTION,2025-08-15
USD,-1.0564,C,-2833.1826,-152.239,EXECUTION,2025-08-15
USD,-0.140076,C,-254.986434,-13.74651,EXECUTION,2025-08-15
USD,-0.33722,C,-613.85623,-33.09345,EXECUTION,2025-08-15
USD,-0.5188,C,-944.3942,-50.913,EXECUTION,2025-08-15
USD,-1.032524,C,-1632.393806,-86.80633,EXECUTION,2025-08-15
USD,-0.9026,C,-1886.8694,-99.772,EXECUTION,2025-08-15
USD,-1.0376,C,-1887.00454,-100.04214,EXECUTION,2025-08-15
USD,-0.093384,C,-169.830486,-9.00387,EXECUTION,2025-08-15
USD,-2.0752,C,-330.0088,40.916,EXECUTION,2025-08-18
USD,-1.0376,C,-165.0044,20.458,EXECUTION,2025-08-18
USD,-29.716864,C,-4723.109216,585.66992,EXECUTION,2025-08-18
USD,-1.0188,C,-93.5022,-6.961,EXECUTION,2025-08-19
USD,-0.0188,C,-93.5022,-5.961,EXECUTION,2025-08-19
USD,-4.6692,C,-841.4798,-58.109,EXECUTION,2025-08-19
USD,-5.7068,C,-1028.4142,-70.961,EXECUTION,2025-08-19
USD,-4.6692,C,-841.5098,-58.139,EXECUTION,2025-08-19
USD,-2.0752,C,-373.9888,-25.744,EXECUTION,2025-08-19
USD,-3.1128,C,-561.0132,-38.646,EXECUTION,2025-08-19
USD,-0.5188,C,-93.5022,-6.431,EXECUTION,2025-08-19
USD,-1.0376,C,-187.0044,-12.862,EXECUTION,2025-08-19
USD,-2.0752,C,-374.0088,-25.724,EXECUTION,2025-08-19
USD,-1.0376,C,-187.0044,-12.862,EXECUTION,2025-08-19
USD,-0.124512,C,-22.440528,-1.54344,EXECUTION,2025-08-19
USD,-0.5188,C,-93.5022,-6.431,EXECUTION,2025-08-19
USD,-1.0188,C,-2318.5022,-17.521,EXECUTION,2025-08-28
USD,-0.0193,C,-2318.5022,-16.5215,EXECUTION,2025-08-28
USD,-0.067444,C,-301.405286,-2.21273,EXECUTION,2025-08-28
USD,-1.302188,C,-5795.850522,3.45729,EXECUTION,2025-09-02
USD,-1.0188,C,-2280.623318,-13.642118,EXECUTION,2025-07-07
USD,-0.011468,C,-1391.180224,-9.541692,EXECUTION,2025-07-07
USD,-1.011468,C,-302.561342,-39.44281,EXECUTION,2025-10-20
USD,-0.0188,C,-495.3922,-62.411,EXECUTION,2025-10-20
USD,-5.5118,C,-5450.3292,-692.841,EXECUTION,2025-10-20
USD,-0.5188,C,-495.5022,-63.021,EXECUTION,2025-10-20
USD,-0.46692,C,-445.95198,-56.7189,EXECUTION,2025-10-20
USD,-1.03478,C,-6387.20407,-42.73885,EXECUTION,2025-08-15
USD,-1.012408,C,-6423.461452,-168.99386,EXECUTION,2025-08-15
USD,-1.011844,C,-5946.311386,60.35677,EXECUTION,2025-08-19
USD,-1.001504,C,-548.960176,-18.92168,EXECUTION,2025-07-29
USD,-0.0188,C,-6861.9222,-223.941,EXECUTION,2025-07-29
USD,-4.1504,C,-692.0176,487.832,EXECUTION,2025-09-02
USD,-2.594,C,-432.511,304.895,EXECUTION,2025-09-02
USD,-3.6316,C,-605.5154,426.853,EXECUTION,2025-09-02
USD,-3.6316,C,-605.5154,426.853,EXECUTION,2025-09-02
USD,-0.5188,C,-86.5022,60.979,EXECUTION,2025-09-02
USD,-1.0376,C,-173.0044,121.958,EXECUTION,2025-09-02
USD,-1.0376,C,-173.0044,121.958,EXECUTION,2025-09-02
USD,-10.376,C,-1730.044,1219.58,EXECUTION,2025-09-02
USD,-0.5188,C,-86.5022,60.979,EXECUTION,2025-09-02
USD,-0.5188,C,-86.5022,60.979,EXECUTION,2025-09-02
USD,-0.5188,C,-86.5022,60.979,EXECUTION,2025-09-02
USD,-0.5188,C,-86.5022,60.979,EXECUTION,2025-09-02
USD,-0.5188,C,-86.5022,60.979,EXECUTION,2025-09-02
USD,-0.5188,C,-86.5022,60.979,EXECUTION,2025-09-02
USD,-0.5188,C,-86.5022,60.979,EXECUTION,2025-09-02
USD,-0.5188,C,-86.5022,60.979,EXECUTION,2025-09-02
USD,-0.5188,C,-86.5022,60.979,EXECUTION,2025-09-02
USD,-0.5188,C,-86.5022,60.979,EXECUTION,2025-09-02
USD,-0.5188,C,-86.5022,60.979,EXECUTION,2025-09-02
USD,-0.5188,C,-86.5022,60.979,EXECUTION,2025-09-02
USD,-1.5564,C,-259.5066,182.937,EXECUTION,2025-09-02
USD,-0.5188,C,-86.5022,60.979,EXECUTION,2025-09-02
USD,-0.5188,C,-86.5022,60.979,EXECUTION,2025-09-02
USD,-2.594,C,-432.511,304.895,EXECUTION,2025-09-02
USD,-1.509708,C,-251.721402,177.44889,EXECUTION,2025-09-02
USD,-1.291812,C,-5304.420478,7.94771,EXECUTION,2025-08-18
USD,-1.004512,C,-5674.840528,-68.00504,EXECUTION,2025-08-26
USD,-1.002444,C,-567.020286,-83.64273,EXECUTION,2025-09-08
USD,-0.016356,C,-3787.981914,-546.37827,EXECUTION,2025-09-08
USD,-0.002444,C,-566.020286,-81.77273,EXECUTION,2025-09-08
USD,-1.012596,C,-4837.061474,8.70593,EXECUTION,2025-09-10
USD,-1.794,C,-140.818,27.388,EXECUTION,2025-08-29
USD,-1.794,C,-140.81244,27.39356,EXECUTION,2025-08-29
USD,-3.588,C,-281.62856,54.78344,EXECUTION,2025-08-29
USD,-11.8404,C,-930.00434,180.15526,EXECUTION,2025-08-29
USD,-0.7176,C,-56.5644,10.718,EXECUTION,2025-08-29
USD,-0.7176,C,-56.5644,10.718,EXECUTION,2025-08-29
USD,-1.0188,C,-1094.5022,84.479,EXECUTION,2025-08-22
USD,-0.5376,C,-2189.0044,170.458,EXECUTION,2025-08-22
USD,-0.918276,C,-1937.268894,150.41283,EXECUTION,2025-08-22
USD,-0.435792,C,-919.381848,71.38236,EXECUTION,2025-08-22
USD,-1.800236,C,-5574.562634,-93.76287,EXECUTION,2025-08-15
USD,-1.029516,C,-2279.123504,51.29698,EXECUTION,2025-07-18
USD,-0.008084,C,-624.084671,14.457245,EXECUTION,2025-07-18
USD,-0.18158,C,-507.975895,11.592525,EXECUTION,2025-07-18
USD,-0.33722,C,-943.383805,21.528975,EXECUTION,2025-07-18
USD,-0.223084,C,-624.084671,14.242245,EXECUTION,2025-07-18
USD,-1.0188,C,-1221.0022,79.979,EXECUTION,2025-08-13
USD,-0.0188,C,-1220.0022,81.979,EXECUTION,2025-08-13
USD,-0.3891,C,-915.377025,56.983875,EXECUTION,2025-08-13
USD,-0.5188,C,-1220.502325,75.978875,EXECUTION,2025-08-13
USD,-0.5188,C,-1220.5022,79.979,EXECUTION,2025-08-13
USD,-1.012032,C,-4929.001408,-122.33344,EXECUTION,2025-10-29
USD,-1.0188,C,-2196.0022,-96.021,EXECUTION,2025-08-07
USD,-0.397524,C,-3799.516306,-165.18383,EXECUTION,2025-08-07
USD,-0.5188,C,-2196.4347,-95.9535,EXECUTION,2025-08-07
USD,-1.551212,C,-4991.811578,-218.33279,EXECUTION,2025-09-15
USD,-1.0376,C,-1665.0044,109.958,EXECUTION,2025-08-07
USD,-0.5188,C,-832.5022,54.979,EXECUTION,2025-08-07
USD,-0.954592,C,-1531.804048,101.16136,EXECUTION,2025-08-07
USD,-0.5188,C,-830.82262,56.65858,EXECUTION,2025-08-07
USD,-1.00282,C,-6275.05033,801.09685,EXECUTION,2025-09-18
USD,-1.005828,C,-5000.060682,-356.33651,EXECUTION,2025-10-20
USD,-1.5564,C,-931.5066,-6.063,EXECUTION,2025-10-08
USD,-9.3384,C,-5659.4596,-106.798,EXECUTION,2025-10-08
USD,-2.485052,C,-1554.365538,-76.74059,EXECUTION,2025-10-08
USD,-2.0752,C,-1297.7388,-63.814,EXECUTION,2025-10-08
USD,-1.0376,C,-649.0044,-32.042,EXECUTION,2025-10-08
USD,-1.0376,C,-1723.2544,-30.292,EXECUTION,2025-08-15
USD,-0.5188,C,-861.2522,-14.771,EXECUTION,2025-08-15
USD,-0.425416,C,-706.431804,-11.49722,EXECUTION,2025-08-15
USD,-0.5188,C,-861.5022,-15.021,EXECUTION,2025-08-15
USD,-0.5188,C,-861.5022,-15.021,EXECUTION,2025-08-15
USD,-1.0188,C,-675.0022,60.979,EXECUTION,2025-08-26
USD,-1.0376,C,-2253.0044,27.958,EXECUTION,2025-09-22
USD,-1.0376,C,-2253.0044,51.958,EXECUTION,2025-09-22
USD,-0.1297,C,-281.62555,5.99475,EXECUTION,2025-09-22
USD,-1.0188,C,-1126.5022,36.479,EXECUTION,2025-10-06
USD,-0.0188,C,-1126.5022,37.479,EXECUTION,2025-10-06
USD,-0.798952,C,-1734.813388,56.94766,EXECUTION,2025-10-06
USD,-0.238648,C,-518.191012,17.01034,EXECUTION,2025-10-06
USD,-0.280152,C,-608.311188,19.96866,EXECUTION,2025-10-06
USD,-1.0188,C,-619.0022,-13.021,EXECUTION,2025-10-13
USD,-0.0188,C,-618.0022,-11.021,EXECUTION,2025-10-13
USD,-0.5188,C,-618.5022,-12.021,EXECUTION,2025-10-13
USD,-0.5188,C,-618.5022,-12.021,EXECUTION,2025-10-13
USD,-1.5564,C,-1855.5066,-36.063,EXECUTION,2025-10-13
USD,-0.9079,C,-1082.37885,-21.03675,EXECUTION,2025-10-13
USD,-1.5564,C,-448.5066,-27.063,EXECUTION,2025-07-07
USD,-0.5188,C,-149.5022,-9.021,EXECUTION,2025-07-07
USD,-0.5188,C,-149.5022,-10.021,EXECUTION,2025-07-07
USD,-1.5564,C,-448.5066,-30.063,EXECUTION,2025-07-07
USD,-0.5188,C,-149.5022,-10.021,EXECUTION,2025-07-07
USD,-0.5188,C,-149.5022,-9.021,EXECUTION,2025-07-07
USD,-1.5564,C,-448.5066,-27.063,EXECUTION,2025-07-07
USD,-0.5188,C,-149.5022,-10.021,EXECUTION,2025-07-07
USD,-0.5188,C,-149.5022,-10.021,EXECUTION,2025-07-07
USD,-0.5188,C,-149.5022,-10.021,EXECUTION,2025-07-07
USD,-0.5188,C,-149.5022,-10.021,EXECUTION,2025-07-07
USD,-0.5188,C,-149.5022,-10.021,EXECUTION,2025-07-07
USD,-0.5193,C,-149.5022,-10.0215,EXECUTION,2025-07-07
USD,-0.5188,C,-149.5022,-10.021,EXECUTION,2025-07-07
USD,-0.5188,C,-149.5022,-10.021,EXECUTION,2025-07-07
USD,-0.5188,C,-149.5022,-10.021,EXECUTION,2025-07-07
USD,-1.0376,C,-299.0044,-20.042,EXECUTION,2025-07-07
USD,-0.5188,C,-149.5022,-10.021,EXECUTION,2025-07-07
USD,-0.5188,C,-149.5022,-10.021,EXECUTION,2025-07-07
USD,-0.5188,C,-149.5022,-10.021,EXECUTION,2025-07-07
USD,-0.5188,C,-149.5022,-10.021,EXECUTION,2025-07-07
USD,-0.264588,C,-76.246122,-5.11071,EXECUTION,2025-07-07
USD,-1.015416,C,-5176.021804,93.92278,EXECUTION,2025-08-11
USD,-1.01504,C,-6679.40176,11.5832,EXECUTION,2025-10-31
USD,-1.006392,C,-5819.918395,-808.644787,EXECUTION,2025-10-07
USD,-1.002632,C,-275.450308,-8.49294,EXECUTION,2025-09-15
USD,-0.6264,C,-5902.5066,-161.133,EXECUTION,2025-09-15
USD,-1.00132,C,104.58794,-9.21338,EXECUTION,2025-07-03
USD,-1.000752,C,-4209.45014,57.229108,EXECUTION,2025-07-02
USD,-1.000564,C,-3156.900105,42.619331,EXECUTION,2025-07-02
USD,-1.00094,C,-5251.00011,-21.95105,EXECUTION,2025-07-10
USD,-1.00094,C,-5191.000135,93.148925,EXECUTION,2025-07-11
USD,-1.000752,C,-4171.440088,-64.40084,EXECUTION,2025-07-14
USD,-1.00094,C,-5270.25011,-318.15105,EXECUTION,2025-07-15
USD,-1.00094,C,-5024.15011,-300.15105,EXECUTION,2025-07-22
USD,-1.00094,C,-4991.55011,-315.50105,EXECUTION,2025-07-23
USD,-1.00094,C,-4962.65011,-4.60105,EXECUTION,2025-07-30
USD,-1.00094,C,-4895.90011,-80.05105,EXECUTION,2025-07-31
USD,-1.00094,C,-4925.60011,-267.50105,EXECUTION,2025-08-01
USD,-1.001128,C,-5867.980132,-211.94126,EXECUTION,2025-08-04
USD,-1.001128,C,-5661.400132,-353.72126,EXECUTION,2025-08-07
USD,-1.00094,C,-4801.00011,-484.65105,EXECUTION,2025-08-08
USD,-1.00094,C,-4311.55011,34.19895,EXECUTION,2025-08-13
USD,-1.00094,C,-4320.95011,262.54895,EXECUTION,2025-08-14
USD,-1.00094,C,-4283.05011,221.24895,EXECUTION,2025-08-15
USD,-1.00094,C,-4502.10011,-48.40105,EXECUTION,2025-08-19
USD,-1.00094,C,-4440.15011,48.29895,EXECUTION,2025-08-20
USD,-1.00094,C,-4495.55011,-128.55105,EXECUTION,2025-08-21
USD,-1.00094,C,-4531.133443,11.815617,EXECUTION,2025-08-22
USD,-1.000188,C,-906.226689,-16.956877,EXECUTION,2025-08-26
USD,-1.00094,C,-4480.15011,107.89895,EXECUTION,2025-08-28
USD,-1.001128,C,-5477.020132,147.45874,EXECUTION,2025-08-29
USD,-1.00094,C,-4530.75011,111.59895,EXECUTION,2025-09-10
USD,-1.001128,C,-5436.700132,134.31874,EXECUTION,2025-09-10
USD,-1.00094,C,-4590.05011,86.94895,EXECUTION,2025-09-11
USD,-1.001128,C,-5576.380132,38.07874,EXECUTION,2025-09-12
USD,-1.001128,C,-5629.600132,-110.60126,EXECUTION,2025-09-15
USD,-1.001128,C,-5641.600132,-7.28126,EXECUTION,2025-09-16
USD,-1.00094,C,-4684.10011,-118.15105,EXECUTION,2025-09-18
USD,-1.00094,C,-4650.65011,-301.65105,EXECUTION,2025-09-19
USD,-1.001128,C,-5538.940132,-260.00126,EXECUTION,2025-09-22
USD,-1.001128,C,-5747.680132,-210.86126,EXECUTION,2025-09-30
USD,-1.001128,C,-5545.600132,278.97874,EXECUTION,2025-10-02
USD,-1.00094,C,-4901.00011,-177.00105,EXECUTION,2025-10-03
USD,-1.00094,C,-4798.633443,-63.284383,EXECUTION,2025-10-07
USD,-1.001128,C,-5758.526799,-67.027926,EXECUTION,2025-10-07
USD,-1.00094,C,-4655.733443,-71.734383,EXECUTION,2025-10-09
USD,-1.000188,C,-931.146689,-40.996877,EXECUTION,2025-10-13
USD,-1.00094,C,-4659.90011,0.39895,EXECUTION,2025-10-20
USD,-1.001128,C,-5567.080132,83.67874,EXECUTION,2025-10-21
USD,-1.001128,C,-5632.960132,-15.20126,EXECUTION,2025-10-23
USD,-1.00094,C,-4695.65011,-35.10105,EXECUTION,2025-10-27
USD,-1.001128,C,-5620.000132,-114.26126,EXECUTION,2025-10-28
USD,-1.00094,C,-4601.00011,108.69895,EXECUTION,2025-10-30
USD,-1.001128,C,-5518.900132,127.05874,EXECUTION,2025-10-31
USD,-1.01786,C,-5476.80209,225.98005,EXECUTION,2025-07-09
USD,-1.0188,C,-5246.849658,-133.868458,EXECUTION,2025-10-16
USD,-0.003384,C,-944.432938,-23.916322,EXECUTION,2025-10-16
USD,-1.0329,C,-610.353426,-28.636327,EXECUTION,2025-08-05
USD,-0.3938,C,-348.468302,-15.862102,EXECUTION,2025-08-05
USD,-6.7444,C,-4530.087922,-207.832322,EXECUTION,2025-08-05
USD,-1.0376,C,-697.0044,-32.042,EXECUTION,2025-08-05
USD,-1.0188,C,-340.611956,-22.630756,EXECUTION,2025-08-06
USD,-0.5376,C,-680.952244,-41.489844,EXECUTION,2025-08-06
USD,-5.779432,C,-3793.136908,-234.11634,EXECUTION,2025-08-06
USD,-0.2594,C,-170.2511,-11.0105,EXECUTION,2025-08-06
USD,-0.5193,C,-340.5022,-22.0215,EXECUTION,2025-08-06
USD,-0.5188,C,-340.5022,-22.021,EXECUTION,2025-08-06
USD,-0.5188,C,-340.5022,-22.021,EXECUTION,2025-08-06
USD,-1.0188,C,-335.517664,-20.536464,EXECUTION,2025-08-08
USD,-0.0188,C,-335.516436,-19.535236,EXECUTION,2025-08-08
USD,-0.5188,C,-335.4972,-20.016,EXECUTION,2025-08-08
USD,-6.422744,C,-4153.492536,-247.83528,EXECUTION,2025-08-08
USD,-0.5193,C,-335.5022,-20.0215,EXECUTION,2025-08-08
USD,-1.0188,C,-314.5022,27.479,EXECUTION,2025-08-12
USD,-0.5376,C,-629.0044,56.458,EXECUTION,2025-08-12
USD,-0.617372,C,-374.257618,33.29501,EXECUTION,2025-08-12
USD,-3.6316,C,-2201.5154,195.853,EXECUTION,2025-08-12
USD,-2.0752,C,-1258.0088,111.916,EXECUTION,2025-08-12
USD,-0.57068,C,-345.95242,30.7769,EXECUTION,2025-08-12
USD,-1.0188,C,-319.531301,49.449899,EXECUTION,2025-08-13
USD,-0.5376,C,-639.015037,100.447364,EXECUTION,2025-08-13
USD,-0.5188,C,-319.48845,49.99275,EXECUTION,2025-08-13
USD,-1.032412,C,-635.783391,99.484197,EXECUTION,2025-08-13
USD,-1.5564,C,-958.5066,149.937,EXECUTION,2025-08-13
USD,-0.477296,C,-293.942024,45.98068,EXECUTION,2025-08-13
USD,-1.0376,C,-639.0044,99.958,EXECUTION,2025-08-13
USD,-1.5564,C,-958.5066,149.937,EXECUTION,2025-08-13
USD,-1.0188,C,-619.0022,78.979,EXECUTION,2025-09-18
USD,-2.19776,C,-3215.71144,416.890801,EXECUTION,2025-09-18
USD,-0.684816,C,-816.422904,105.57228,EXECUTION,2025-09-18
USD,-0.010376,C,-12.370044,1.59958,EXECUTION,2025-09-18
USD,-0.5188,C,-618.5022,79.979,EXECUTION,2025-09-18
USD,-1.0188,C,-4051.0522,5.929,EXECUTION,2025-08-21
USD,-0.003572,C,-769.500418,1.51601,EXECUTION,2025-08-21
USD,-1.029704,C,-5240.283476,42.20682,EXECUTION,2025-08-26
USD,-6.2256,C,-5970.0264,-24.252,EXECUTION,2025-08-26
USD,-0.031128,C,-29.850132,-0.12126,EXECUTION,2025-08-26
USD,-1.009588,C,-4782.251122,7.67929,EXECUTION,2025-10-23
USD,-1.0376,C,-2929.0044,11.958,EXECUTION,2025-10-01
USD,-0.892336,C,-2518.943784,10.28388,EXECUTION,2025-10-01
USD,-1.5564,C,-4267.5066,-24.063,EXECUTION,2025-10-09
USD,-0.020752,C,-56.900088,-0.32084,EXECUTION,2025-10-09
USD,-0.5188,C,-1422.5022,-8.021,EXECUTION,2025-10-09
USD,-1.010528,C,-4787.321232,36.06824,EXECUTION,2025-08-06
USD,-1.013724,C,-6376.091606,11.12467,EXECUTION,2025-08-29
USD,-1.00376,C,-520.80044,-2.2042,EXECUTION,2025-08-19
USD,-0.1376,C,-5206.9452,-11.0828,EXECUTION,2025-08-19
USD,-0.062256,C,-312.379464,-0.68172,EXECUTION,2025-08-19
USD,-1.0188,C,-304.0022,21.979,EXECUTION,2025-08-06
USD,-1.0188,C,-442.5022,25.479,EXECUTION,2025-10-01
USD,-1.5752,C,-1770.0088,104.416,EXECUTION,2025-10-01
USD,-0.5188,C,-442.5022,25.979,EXECUTION,2025-10-01
USD,-0.5188,C,-442.5022,26.979,EXECUTION,2025-10-01
USD,-0.5188,C,-442.5022,26.979,EXECUTION,2025-10-01
USD,-0.5188,C,-442.5022,26.979,EXECUTION,2025-10-01
USD,-0.326844,C,-278.776386,16.99677,EXECUTION,2025-10-01
USD,-0.191956,C,-163.725814,9.98223,EXECUTION,2025-10-01
USD,-0.5188,C,-442.5022,26.979,EXECUTION,2025-10-01
USD,-0.326844,C,-278.776386,16.99677,EXECUTION,2025-10-01
USD,-1.0376,C,-5695.0044,11.958,EXECUTION,2025-08-06
USD,-0.015564,C,-85.425066,0.17937,EXECUTION,2025-08-06
USD,-10.376,C,-1288.224,-58.4,EXECUTION,2025-08-08
USD,-6.7444,C,-838.5286,-38.883,EXECUTION,2025-08-08
USD,-7.782,C,-967.533,-44.865,EXECUTION,2025-08-08
USD,-7.782,C,-967.533,-44.865,EXECUTION,2025-08-08
USD,-7.782,C,-967.533,-44.865,EXECUTION,2025-08-08
USD,-7.2632,C,-903.0308,-41.874,EXECUTION,2025-08-08
USD,-6.7444,C,-838.5286,-38.883,EXECUTION,2025-08-08
USD,-1.5564,C,-193.5066,-8.973,EXECUTION,2025-08-08
USD,-3.34626,C,-416.03919,-19.29195,EXECUTION,2025-08-08
USD,-25.94,C,-3325.11,-151.05,EXECUTION,2025-09-17
USD,-0.5188,C,-66.5022,-3.011,EXECUTION,2025-09-17
USD,-0.4688,C,-66.5022,-21.971,EXECUTION,2025-10-20
USD,-0.4688,C,-66.5022,-21.971,EXECUTION,2025-10-20
USD,-0.4688,C,-66.5022,-21.971,EXECUTION,2025-10-20
USD,-0.4688,C,-66.5022,-21.971,EXECUTION,2025-10-20
USD,-0.60432,C,-66.5022,-22.06652,EXECUTION,2025-10-20
USD,-0.4692,C,-65.6122,-21.0414,EXECUTION,2025-10-20
USD,-0.60432,C,-65.6122,-21.17652,EXECUTION,2025-10-20
USD,-2.344,C,-232.511,-9.855,EXECUTION,2025-10-20
USD,-0.9376,C,-93.0044,-3.942,EXECUTION,2025-10-20
USD,-2.344,C,-232.511,-9.855,EXECUTION,2025-10-20
USD,-0.4688,C,-46.5022,-1.971,EXECUTION,2025-10-20
USD,-0.9376,C,-93.0044,-3.942,EXECUTION,2025-10-20
USD,-0.9376,C,-93.0044,-3.942,EXECUTION,2025-10-20
USD,-2.344,C,-232.511,-9.855,EXECUTION,2025-10-20
USD,-2.344,C,-232.511,-9.855,EXECUTION,2025-10-20
USD,-1.8752,C,-186.0088,-7.884,EXECUTION,2025-10-20
USD,-1.8752,C,-186.0088,-7.884,EXECUTION,2025-10-20
USD,-2.344,C,-232.511,-9.855,EXECUTION,2025-10-20
USD,-0.9376,C,-93.0022,-3.9398,EXECUTION,2025-10-20
USD,-0.4688,C,-46.4922,-1.961,EXECUTION,2025-10-20
USD,-2.344,C,-232.461,-9.805,EXECUTION,2025-10-20
USD,-2.240864,C,-222.232716,-9.37358,EXECUTION,2025-10-20
USD,-0.60432,C,-66.5022,-22.06652,EXECUTION,2025-10-20
USD,-0.43328,C,-66.5022,-21.78548,EXECUTION,2025-10-20
USD,-6.2256,C,-791.7964,-257.542,EXECUTION,2025-10-20
USD,-0.5188,C,-65.6122,-21.091,EXECUTION,2025-10-20
USD,-0.5188,C,-65.6122,-20.971,EXECUTION,2025-10-20
USD,-0.5188,C,-65.6122,-20.971,EXECUTION,2025-10-20
USD,-0.5188,C,-65.6122,-21.131,EXECUTION,2025-10-20
USD,-2.0752,C,-220.0246,-42.0998,EXECUTION,2025-10-20
USD,-2.594,C,-232.511,-10.105,EXECUTION,2025-10-20
USD,-1.0376,C,-93.0044,-4.042,EXECUTION,2025-10-20
USD,-0.5188,C,-46.5022,-2.021,EXECUTION,2025-10-20
USD,-1.0376,C,-93.0044,-4.042,EXECUTION,2025-10-20
USD,-1.5564,C,-139.5066,-6.063,EXECUTION,2025-10-20
USD,-2.594,C,-232.511,-10.105,EXECUTION,2025-10-20
USD,-1.90999,C,-186.0088,-7.91879,EXECUTION,2025-10-20
USD,-0.9376,C,-93.0044,-3.942,EXECUTION,2025-10-20
USD,-1.4064,C,-139.5066,-5.913,EXECUTION,2025-10-20
USD,-0.9376,C,-93.0044,-3.942,EXECUTION,2025-10-20
USD,-2.344,C,-232.511,-9.855,EXECUTION,2025-10-20
USD,-0.5588,C,-46.5022,-2.061,EXECUTION,2025-10-20
USD,-8.50721,C,-697.533,-31.04021,EXECUTION,2025-10-20
USD,-1.5066,C,133.5936,-1.743,EXECUTION,2025-10-21
USD,-1.0044,C,89.0624,-1.162,EXECUTION,2025-10-21
USD,-0.5022,C,44.5312,-0.581,EXECUTION,2025-10-21
USD,-1.0044,C,89.0624,-1.162,EXECUTION,2025-10-21
USD,-3.28683,C,311.7184,-3.83843,EXECUTION,2025-10-21
USD,-2.687,C,222.656,-3.031,EXECUTION,2025-10-21
USD,-0.55477,C,44.5312,-0.45357,EXECUTION,2025-10-21
USD,-0.5022,C,44.5312,-0.401,EXECUTION,2025-10-21
USD,-1.986895,C,222.656,-2.330895,EXECUTION,2025-10-21
USD,-0.4465,C,44.5312,-0.3453,EXECUTION,2025-10-21
USD,-0.5597,C,44.5312,-0.6285,EXECUTION,2025-10-21
USD,-0.57836,C,44.5312,-0.36716,EXECUTION,2025-10-21
USD,-1.1124,C,89.0624,-0.69,EXECUTION,2025-10-21
USD,-0.5562,C,44.5312,-0.345,EXECUTION,2025-10-21
USD,-0.5562,C,44.5312,-0.345,EXECUTION,2025-10-21
USD,-0.57797,C,44.5312,-0.33677,EXECUTION,2025-10-21
USD,-1.0188,C,-2262.0022,100.979,EXECUTION,2025-10-30
USD,-0.516848,C,-4432.044312,200.87884,EXECUTION,2025-10-30
USD,-1.0188,C,-1042.0022,25.979,EXECUTION,2025-08-18
USD,-0.812564,C,-2634.501566,69.25587,EXECUTION,2025-08-18
USD,-0.5188,C,-1041.5022,26.979,EXECUTION,2025-08-18
USD,-1.0376,C,-2083.0044,53.958,EXECUTION,2025-08-18
USD,-1.010152,C,-4853.441188,-173.73134,EXECUTION,2025-09-10
USD,-1.0047,C,-4956.75055,-134.75525,EXECUTION,2025-10-30
USD,-1.0047,C,-4849.50055,22.49475,EXECUTION,2025-11-04
USD,-1.02068,C,-3473.72282,24.3565,EXECUTION,2025-09-22
USD,-0.0688,C,-3157.0318,23.8994,EXECUTION,2025-09-22
USD,-1.110232,C,-6777.174708,29.05506,EXECUTION,2025-09-22
USD,-1.0188,C,-3177.5022,3.479,EXECUTION,2025-09-22
USD,-0.065492,C,-3463.477398,4.83711,EXECUTION,2025-09-22
USD,-1.029704,C,-5025.403476,1.126821,EXECUTION,2025-09-22
USD,-1.058352,C,-6500.464488,-10.24284,EXECUTION,2025-09-22
USD,-1.033652,C,-5788.073938,-93.32759,EXECUTION,2025-09-22
USD,-1.0188,C,-3025.0022,-17.021,EXECUTION,2025-11-04
USD,-0.065492,C,-3296.207398,-16.46289,EXECUTION,2025-11-04
USD,-4.664012,C,-1910.394778,89.71121,EXECUTION,2025-10-08
USD,-5.188,C,-2125.022,99.79,EXECUTION,2025-10-08
USD,-2.594,C,-1062.511,49.895,EXECUTION,2025-10-08
USD,-0.5188,C,-212.5022,9.979,EXECUTION,2025-10-08
USD,-0.420228,C,-172.126782,8.08299,EXECUTION,2025-10-08
USD,-3.802804,C,-6109.571126,161.10607,EXECUTION,2025-08-26
USD,-3.6316,C,-5948.5154,-44.147,EXECUTION,2025-08-28
USD,-0.290528,C,-476.281232,-3.93176,EXECUTION,2025-08-28
USD,-1.0188,C,-439.0022,-5.021,EXECUTION,2025-08-28
USD,-57.068,C,-6190.092,572.84,EXECUTION,2025-08-21
USD,-1.0376,C,-255.0044,-40.042,EXECUTION,2025-08-08
USD,-7.782,C,-1912.533,-300.315,EXECUTION,2025-08-08
USD,-8.8196,C,-2167.5374,-340.357,EXECUTION,2025-08-08
USD,-0.5188,C,-127.5022,-20.021,EXECUTION,2025-08-08
USD,-2.085576,C,-512.558844,-80.48442,EXECUTION,2025-08-08
USD,-1.0188,C,-380.5022,1.479,EXECUTION,2025-10-30
USD,-0.0188,C,-380.5022,2.479,EXECUTION,2025-10-30
USD,-1.0376,C,-761.0044,3.958,EXECUTION,2025-10-30
USD,-0.5188,C,-380.5022,1.979,EXECUTION,2025-10-30
USD,-1.0376,C,-759.0044,5.958,EXECUTION,2025-10-30
USD,-0.5188,C,-378.5022,3.979,EXECUTION,2025-10-30
USD,-1.0376,C,-757.0044,7.958,EXECUTION,2025-10-30
USD,-0.5188,C,-378.5022,2.979,EXECUTION,2025-10-30
USD,-0.5188,C,-378.5022,2.979,EXECUTION,2025-10-30
USD,-1.644596,C,-1204.191974,5.10343,EXECUTION,2025-10-30
USD,-1.03008,C,-5039.40352,-72.4336,EXECUTION,2025-07-21
USD,-1.017108,C,-2847.192002,-23.56911,EXECUTION,2025-07-21
USD,-0.0188,C,-3125.2022,-21.221,EXECUTION,2025-07-21
USD,-1.013348,C,-2216.151562,-13.32491,EXECUTION,2025-07-21
USD,-0.0188,C,-3119.0022,-15.021,EXECUTION,2025-07-21
USD,-1.030268,C,-4948.533542,30.16619,EXECUTION,2025-09-12
USD,-1.03102,C,-4977.80363,73.46535,EXECUTION,2025-10-08
